"Date","Score","Store","Year","Comment"
"06/27/2024 08:07:37","9","TikTok_Porto_Alegre","2024","FELIZ NO SIMPLES!!"
"06/27/2024 11:34:36","8","Social_Media_Hub","2024","O marido da minha amiga nÃ£o aceita ela peidar perto dele e eles estÃ£o juntos a uns 8 anos kkkkkkkkkkk ele tem pÃ¢nico se ela fizer isso"
"06/27/2024 11:52:43","8","TikTok_Porto_Alegre","2024","eu devo ser mt amargurada mesmo"
"06/27/2024 12:07:36","8","TikTok_Fortaleza","2024","Eu faÃ§o Ã¢nsia de vÃ´mito kkkkk"
"06/27/2024 12:49:56","7","TikTok_Fortaleza","2024","Kkkkk a liberdade!"
"06/27/2024 12:51:52","8","Digital_Platform","2024","O jeito dele ğŸ˜‚ e a risada dela Ã© a melhor ğŸ˜‚ğŸ˜‚isso sim Ã© um relacionamento saudÃ¡vel ğŸ˜‚ğŸ˜‚ğŸ˜‚ğŸ˜‚"
"06/27/2024 13:15:00","7","TikTok_SP","2024","Esse terceiro aÃ­ borrou kkkkk"
"06/27/2024 13:19:42","8","TikTok_Curitiba","2024","aqui um peida e sai correndo ğŸ˜‚ğŸ˜‚ğŸ˜‚ğŸ˜‚"
"06/27/2024 14:52:44","8","TikTok_Porto_Alegre","2024","Tenho um Ã³dio tÃ£o grande de quem peida perto de mim"
"06/27/2024 16:05:28","8","Digital_Platform","2024","aqui tambÃ©m peida muito"
"06/27/2024 17:10:11","7","TikTok_Recife","2024","O meu vem com a fabricaÃ§ao de movimentar a perna pra sair tudo ğŸ˜‚ğŸ˜‚ğŸ˜‚ğŸ˜‚ğŸ˜‚"
"06/27/2024 18:07:18","10","TikTok_BrasÃ­lia","2024","Meu namorado solta pum de baixo do coberto ğŸ˜…"
"06/27/2024 20:19:27","8","TikTok_Salvador","2024","Eu aqui to atÃ© gostando do cheiro"
"06/27/2024 20:47:41","4","Social_Media_Hub","2024","Odeio que peide perto de mim"
"06/27/2024 21:22:05","10","Digital_Platform","2024","Edit: acomoanhem nosso canal de viagens na rede vermelha: @Pelo Mundo Afora ğŸŒ Ligou a motoca e foi embora #foryou #amor #casal"
"06/27/2024 23:55:30","7","Social_Media_Hub","2024","Que povo amargurado nesses comentÃ¡rios kkkkkk imagina morar com a pessoa hÃ¡ anos e ter que ficar segurando um peido?"
"06/28/2024 08:34:01","7","TikTok_Curitiba","2024","Um monte que aceita chifre, mas peido Ã© imperdoÃ¡vel ğŸ˜‚ğŸ˜‚ğŸ˜‚ğŸ˜‚ğŸ˜‚ğŸ˜‚"
"06/28/2024 11:36:21","10","TikTok_BH","2024","Vamos peitar e sejamos felizesğŸ˜‚ğŸ˜‚ğŸ˜‚"
"06/28/2024 11:53:41","8","Social_Media_Hub","2024","eu as vezes sai bem alto eu comessou a rir kkkkkkke digo ainda que nÃ£o foi eu"
"06/28/2024 12:16:00","8","TikTok_Curitiba","2024","eu perco o interesse, mais cada um com sua felicidade!"
"06/28/2024 12:20:30","7","TikTok_Curitiba","2024","10 anos por aqui com meu marido. esse nÃ­vel de intimidade aÃ­ qual Ã© inabalÃ¡vel kkkkkk"
"06/28/2024 12:33:19","8","TikTok_Recife","2024","Ahh nÃ£o eu nÃ£o aceito e detesto"
"06/28/2024 16:27:26","8","TikTok_RJ","2024","Meu boy me abraÃ§a bem na hora de peidarğŸ¤¨"
"06/28/2024 16:28:28","1","TikTok_Curitiba","2024","fala sÃ©rio eu odeio issoğŸ˜³"
"06/28/2024 16:58:51","8","TikTok_Porto_Alegre","2024","Intimidade Ã© tudo. ğŸ˜‚ğŸ˜‚ğŸ˜‚ğŸ˜‚ğŸ˜‚"
"06/28/2024 17:30:34","8","TikTok_BH","2024","Uma coisa eu falo isso se chama relacionamento saudÃ¡vel kkkkkkkk e outra coisa quem tem cu peida. ğŸ˜‚"
"06/28/2024 18:50:15","7","TikTok_RJ","2024","SÃ³ dÃ¡ uma raiva ğŸ¤£ğŸ¤£ğŸ¤£"
"06/28/2024 19:29:41","10","TikTok_Porto_Alegre","2024","meu casamento sÃ³ Ã© feliz porque a gente peida um na frente do outro nÃ©"
"06/28/2024 19:34:46","7","TikTok_Porto_Alegre","2024","sÃ³ vou te marcar sem muitas informaÃ§Ãµes ğŸ˜‚ğŸ˜‚ğŸ˜‚ğŸ˜‚"
"06/28/2024 21:14:46","7","Online_Community","2024","4 anos de casamento e por aqui Ã© a mesma coisa kkkkkkkkkkkkkk"
"06/28/2024 22:27:21","8","TikTok_SP","2024","Gente sÃ³ eu que nÃ£o consigo ser assim ele peida perto de mim eu saio correndo kkkkkkkk"
"06/29/2024 08:26:58","7","TikTok_BH","2024","Eu sou ela ğŸ˜…ğŸ˜… fico Ã© rindo"
"06/29/2024 09:09:17","8","TikTok_Salvador","2024","Faz isso uma vez eu jÃ¡ termino. Pregas soltas e tremenda falta de educaÃ§Ã£o. Tenho certeza que com a amante ele nÃ£o faz isso"
"06/29/2024 12:45:03","8","TikTok_BH","2024","Ele podia se inclinar pro outro lado, mas ele escolhe mirar em vocÃªs ğŸ¤¯ğŸ¤¯ğŸ¤¯ğŸ¤¯ğŸ¤¯"
"06/29/2024 14:37:51","8","TikTok_Salvador","2024","Tanta gente aqui a comentar que nÃ£o deve peidar coitadas"
"06/29/2024 14:47:42","8","TikTok_RJ","2024","A vida Ã  dois Ã© mto melhor com essas bobeira do dia diağŸ˜‚ğŸ˜‚"
"06/29/2024 17:04:02","7","TikTok_Fortaleza","2024","kkkkk casamento e isso temque suporta kkk"
"06/29/2024 18:19:36","7","Digital_Platform","2024","Ah gente, isso Ã© nojento, falta de educaÃ§Ã£o! NÃ£o normalizem isso no relacionamento de vcs."
"06/29/2024 18:22:03","8","Digital_Platform","2024","NÃ£o acredito que problematizaram peido"
"06/29/2024 18:59:27","9","TikTok_SP","2024","Amor verdadeiro esse aÃ­ Ã³"
"06/29/2024 22:11:32","8","TikTok_RJ","2024","o.ladrao da xj vendo isso kk [photo]"
"06/29/2024 23:23:24","7","TikTok_RJ","2024","Acaba com T na hora ğŸ™„"
"06/29/2024 23:57:54","8","TikTok_BH","2024","Ai q fase pessoal aceita gaia mas n aceita um peido kkk tem tanta coisa q realmente Ã© falta de respeito kkkkkkkk"
"06/30/2024 08:19:58","7","TikTok_Salvador","2024","caramba como tem alguÃ©m que nÃ£o aceita isso? aqui meu marido falta joga merda na minha cara kkkkkkkkk"
"06/30/2024 08:29:02","7","TikTok_Curitiba","2024","kakakakakakakakakakaka tÃ¡ que nem aqui em casa"
"06/30/2024 10:56:43","8","TikTok_Recife","2024","Need part 2 ğŸ˜‚ğŸ˜‚"
"06/30/2024 13:19:05","7","TikTok_Fortaleza","2024","Afff nÃ£o tem graÃ§a"
"06/30/2024 14:41:06","8","TikTok_SP","2024","Eu e o meu marido aÃ­ ğŸ˜‚"
"06/30/2024 15:28:35","7","TikTok_Fortaleza","2024","Tenho pavor q faÃ§am isso perto de mim"
"06/30/2024 16:04:28","7","TikTok_Porto_Alegre","2024","duvido ele peidar na cara da outra ğŸ¤£ğŸ¤£ğŸ¤£ğŸ¤£"
"06/30/2024 16:45:55","5","TikTok_Salvador","2024","gente me desculpe acho que sou chata de mais , por que eu odeio isso , quer peidar vai no banheiro , nÃ£o gosto ."
"06/30/2024 17:12:50","8","TikTok_BH","2024","o povo bravo nos comentÃ¡rios"
"06/30/2024 17:15:28","8","TikTok_Salvador","2024","Eu tb falava isso de que cmg nÃ£o acontecia, nÃ£o admito peido, falta de respeitoâ€¦ aÃ­ parei no hospital por causa de peido e eu nunca mais vou segurar minhas metralha perto do mozÃ£o, jamais"
"06/30/2024 18:10:57","8","TikTok_Porto_Alegre","2024","Naiane / ë‚˜ì•¼ë‹ˆ ğŸ«°ğŸ»"
"06/30/2024 18:39:39","8","TikTok_Recife","2024","Motivo de tÃ©rmino,ainda tem gente que aplaude essa falta de educaÃ§Ã£o"
"06/30/2024 18:51:25","8","TikTok_Recife","2024","NÃ£o desliga que eu quero dar uma volta ğŸ›µ"
"06/30/2024 20:24:57","7","TikTok_BH","2024","Nenhuma experiÃªncia Ã© Ãºnica mesmo ğŸ˜‚"
"06/30/2024 21:19:16","7","Digital_Platform","2024","AÃ­ ela pergunta : oque vc comeu ? E ele fala carniÃ§a ğŸ¤¡"
"06/30/2024 23:24:06","6","TikTok_Fortaleza","2024","Gente, odeio! Me julguem"
"07/01/2024 08:04:52","3","TikTok_Recife","2024","Eu tenho nojo! Real!"
"07/01/2024 08:19:21","7","TikTok_SP","2024","Eu quando tÃ´ na casa de boy seguro o peido de vergonha nossa meu pai era assim com a minha mÃ£e ele judiou tanto dela, sinaisâ€¦"
"07/01/2024 08:30:01","7","TikTok_BH","2024","isso Ã© felicidade ğŸ˜„"
"07/01/2024 08:49:45","7","TikTok_Porto_Alegre","2024","Isso acaba com o encanto"
"07/01/2024 11:17:37","8","TikTok_Fortaleza","2024","Calma demais kkkkkkk meu faz isso e eu faÃ§o sumir do ambiente imediatamente"
"07/01/2024 11:24:17","8","TikTok_Fortaleza","2024","Eu nÃ£o gosto, tenho uma raiva do caramba , ainda bem que aqui nÃ£o rola isso , mas se pra o casal Ã© de comum acordo beleza kkkk"
"07/01/2024 11:47:59","8","TikTok_BH","2024","Pode ter certeza que esse casal Ã© mais fiel e apaixonado do que muitos aqui que estÃ£o comentando bosta ğŸ‘"
"07/01/2024 13:40:53","8","Digital_Platform","2024","quando eu fui conhecer minha sogra ,meu marido peido encima da cabeÃ§a do gato dela ğŸ˜‚ğŸ˜‚ğŸ˜‚ğŸ˜‚"
"07/01/2024 15:43:37","9","TikTok_Salvador","2024","Ah eu e meu namorado somos assim ğŸ˜‚ğŸ˜‚ğŸ˜‚"
"07/01/2024 15:46:51","8","TikTok_Porto_Alegre","2024","Eu assisti com uma cara, ainda bem que ngm viuâ€¦ devo ser uma chata msm, sÃ³ o barulho me incomodou af"
"07/01/2024 16:06:25","9","TikTok_Porto_Alegre","2024","Gente, tenho amigos que acham normal mas eu nÃ£o curto kk sou casada a 15 anos e nÃ³s dois temos o mesmo pensamento. Tem certas coisas que Ã© desnecessÃ¡rio sabe ? NÃ£o vou no banheiro quando ele estÃ¡ e vice versa, nÃ£o peidamos perto do outro, arroto tbm nÃ£o. Quando Vejo essas cenas fico chocada kk mas estÃ¡ tudo bem! Se vocÃª acha normal cada um segue seu estilo e tÃ¡ tudo certo."
"07/01/2024 16:22:18","8","TikTok_RJ","2024","Deus me free ğŸ˜‚ odiada em voz alta kkkk"
"07/01/2024 16:47:28","7","Social_Media_Hub","2024","eu vÃ´mito ğŸ˜” sÃ³ de sabe que alguÃ©m tÃ¡ peidando"
"07/01/2024 16:48:13","7","TikTok_Fortaleza","2024","Esse â€œcano de descargaâ€ tÃ¡ furado ğŸ˜†ğŸ˜‚ğŸ¤£"
"07/01/2024 17:14:54","10","Online_Community","2024","Minha namorada diz que me ama mesmo eu peidando podre"
"07/01/2024 18:26:57","6","Digital_Platform","2024","Odeio esse tipo coisa"
"07/01/2024 20:28:18","10","TikTok_BH","2024","eu nÃ£o consigo!! kkkkkk mas acho legal que o casal tem a vibe boa!! papai do cÃ©u abenÃ§oe vcs!!!"
"07/01/2024 20:34:49","7","Online_Community","2024","eu saio chingando ele de todos os nomes, eu nÃ£o peido perto de ninguÃ©m e nÃ£o aceito que faÃ§a isso perto de mim."
"07/01/2024 21:01:30","7","TikTok_Recife","2024","kkkk mulheres como a gnt sÃ£o raridades ğŸ¤£ğŸ˜…ğŸ¤­"
"07/01/2024 21:19:44","7","Digital_Platform","2024","saiu molhado kkk certeza! ğŸ˜‚ğŸ˜‚ğŸ˜‚ğŸ˜‚"
"07/01/2024 21:46:20","8","TikTok_Porto_Alegre","2024","Essa mulher tÃ¡ com a terapia em dia ğŸ¤£ğŸ¤£ğŸ¤£ğŸ¤£"
"07/02/2024 09:45:00","8","Digital_Platform","2024","TÃ£o problematizando peido kkkkkkkkkkkkkkkkkk aÃ­ gnt"
"07/02/2024 09:47:00","8","TikTok_Curitiba","2024","aqui em casa ele peida e eu respondo kkkkkkkkkkkkk 11 anos de casado"
"07/02/2024 09:58:21","7","TikTok_Porto_Alegre","2024","eu nao faÃ§o isso de jeito nenhum.... que horror.... dormindo sem perceber Ã© uma coisa..assim nao.."
"07/02/2024 12:27:05","8","TikTok_RJ","2024","Eu peido minha esposa responde. Ã‰ quase uma nova lÃ­ngua para comunicaÃ§Ã£o ğŸ¤£ğŸ¤£ğŸ¤£"
"07/02/2024 13:12:17","10","TikTok_Porto_Alegre","2024","Eu nunca vi nem minha mÃ£e nem meu pai peidando, eles sempre disse que era falta de respeito, mais entre eu e meus irmÃ£os era competiÃ§Ã£o ğŸ˜‚ casei nem preciso dizer mais nada neh! Ã‰ sÃ³ bomba atrÃ¡s de bomba ğŸ˜‚ğŸ˜‚ğŸ˜‚"
"07/02/2024 13:48:04","10","Social_Media_Hub","2024","qual a graÃ§a disso, educaÃ§Ã£o zero se fizer isso perto de mim eu termino o relacionamento na hora afff... amor nÃ£o suporta tudo nÃ£o."
"07/02/2024 14:12:14","7","TikTok_Fortaleza","2024","povo amargurado que se incomoda com o pum do parceiro/parceria kkkkkkk Jesus amado"
"07/02/2024 14:34:45","7","TikTok_Salvador","2024","Se fosse ela, ele largava e nunca mais olhava pra ela!"
"07/02/2024 15:25:57","7","TikTok_BrasÃ­lia","2024","Ai tu vÃª um homem bonito desse na rua nem imaginağŸ˜‚ğŸ˜‚ğŸ˜‚ğŸ˜‚ğŸ˜‚ğŸ˜‚ğŸ˜‚ğŸ˜‚ğŸ˜‚ cruzes"
"07/02/2024 16:12:01","10","TikTok_BH","2024","kkkkkkkkkk eu amo essa intimidade, e a liberdade de ser quem realmente somos com quem amamos! ğŸ¥°ğŸ¤ğŸ¼"
"07/02/2024 16:17:17","7","TikTok_SP","2024","povo falando falta de respeito pra mim e o auge da intimidade cria vÃ­nculos fortalece a uniÃ£o"
"07/02/2024 18:18:48","8","TikTok_Salvador","2024","eu tenho raiva de quem peida perto de mim"
"07/02/2024 19:58:19","7","Online_Community","2024","Aqui em casa nÃ£o dÃ¡ pra brincar assim, sempre apanho na minha vez. ğŸ˜"
"07/02/2024 20:16:08","8","TikTok_Fortaleza","2024","Meu marido faz isso comigo. Mas eu nunca fiz com ele kkk nÃ£o consigo gente. Acho extremamente falta de respeito"
"07/02/2024 20:22:07","8","TikTok_BH","2024","Em dÃºvida se a cachorra acostumou com cheiro , ou se esta falecida ğŸ˜‚ğŸ˜‚ğŸ˜‚ğŸ˜‚ğŸ˜‚ğŸ˜‚ğŸ˜‚ğŸ˜‚ğŸ˜‚ğŸ˜‚"
"07/02/2024 20:53:18","9","TikTok_Recife","2024","Eu sendo ela ğŸ¤£ tive que liberar meu namorado pra ele ter paz, coitado sofria ğŸ¤£ğŸ¤£"
"07/02/2024 21:42:13","8","Online_Community","2024","misericÃ³rdia, eu senti uma Ã¢nsia de vÃ´mito"
"07/02/2024 21:48:14","8","TikTok_BH","2024","Melou a cueca no final"
"07/02/2024 22:11:57","8","Social_Media_Hub","2024","ai quÃªs comentÃ¡rio insuportÃ¡veis sÃ©rio Kkkk!!! Qual problema de peidar gente??? ainda mais c seu companheiro que convive c vc todos os dias?? O marido de vocÃªs q n peida assim na frente de vcs Ã© pq vcs sÃ£o umas chatas e eles n se sente confortÃ¡vel, fim ğŸ¤—ğŸ¤—ğŸ¤— que lindo Ã© estar c alguÃ©m que faÃ§a nÃ³s se sentir nos mesmo . Tchau"
"07/02/2024 22:42:18","7","TikTok_Porto_Alegre","2024","gente acho q vcs esqueceram q peidar Ã© normal ğŸ˜‚ e quem n gostar de peido Ã© sÃ³ n casar com alguÃ©m q peide perto de vc"
"07/02/2024 23:21:07","8","TikTok_Porto_Alegre","2024","VocÃªs tem que aprender que peidar Ã© normal viu,inclusive fiquem assegurando que vai dar nÃ³ nas tripas ğŸ¤£ğŸ¤£ğŸ¤£"
"07/03/2024 08:07:12","8","Social_Media_Hub","2024","uai nÃ£o vejo problema nenhum ğŸ¤£ğŸ¤£ğŸ¤£ super normal faÃ§o direto"
"07/03/2024 09:09:14","8","TikTok_SP","2024","estou hÃ¡ 17 anos casada e nunca meu marido fez isso comigo acho o cÃºmulo da falta de respeito e de manutenÃ§Ã£o do casamento nÃ£o tem necessidade nenhuma disso casal assim pra mim parecem mais irmÃ£os"
"07/03/2024 09:17:06","7","Digital_Platform","2024","Eu sou assim, cada peido uma risada kkkk"
"07/03/2024 10:16:06","7","TikTok_Fortaleza","2024","Genteeeeeeee kkkkkkkk. Aqui em casa Ã© a mesma coisa"
"07/03/2024 10:42:52","7","Digital_Platform","2024","meu esposo kkkkkk e assim kkkkkk"
"07/03/2024 11:01:44","8","TikTok_Salvador","2024","Desliguei nÃ£o deixa eu dar uma voltinha!"
"07/03/2024 11:25:29","7","TikTok_BrasÃ­lia","2024","eu fiquei com dÃ³ foi do cachorro, o coitado quase ficou sem pelos ğŸ˜…ğŸ˜…"
"07/03/2024 12:38:35","10","TikTok_SP","2024","se a pessoa n tem intimidade pra soltar um peido vai ter que intimidade gente ? kkkk relacionamento eh compartilhar de tudo e ser livre mesmo ğŸ¤£ğŸ¤£ğŸ¤£ os melhores casais sÃ£o os que se sentem livres pra ser e fazer de TUDO JUNTO . Quem reclama com certeza n vive um amor leve e tranquilo ğŸ™‚"
"07/03/2024 12:38:55","7","TikTok_Recife","2024","Eu nÃ£o suporto essa falta de educaÃ§Ã£o! JÃ¡ teria xingado atÃ© a 10 geraÃ§Ã£o e saÃ­do de perto! NÃ£o sou obrigada"
"07/03/2024 12:46:17","7","TikTok_Porto_Alegre","2024","Mano, ele vai se kgar ğŸ¤£"
"07/03/2024 12:57:04","9","TikTok_Salvador","2024","tenho inveja de mulher que leva essas coisas na esportiva com bom humor"
"07/03/2024 13:18:44","4","Digital_Platform","2024","Acho horrÃ­vel! Acaba com o desejo pela pessoa! Vi nos comentÃ¡rios, ela chamando de amargo quem Ã± gosta dissoğŸ¤£ğŸ¤£ğŸ¤£ Credo! Ser feliz, ter intimidade Ã± tem nada a ver com sentir cheiro de merdah do seu marido"
"07/03/2024 13:30:25","8","TikTok_Curitiba","2024","estou hÃ¡ 23 anos com o meu marido, e somos iguais ğŸ˜…"
"07/03/2024 16:11:30","7","TikTok_Recife","2024","ele nao se casou nao ?"
"07/03/2024 16:12:13","7","TikTok_BrasÃ­lia","2024","depois reclama quando ela estiver com ""dor de cabeÃ§a"""
"07/03/2024 17:26:02","4","TikTok_BH","2024","nossa que graÃ§a tem isso? que nojooooo. desnecessÃ¡rio"
"07/03/2024 17:48:16","8","TikTok_BrasÃ­lia","2024","Qual foi a graÃ§a nisso mesmo?pq tantos risos?"
"07/03/2024 18:43:13","7","Online_Community","2024","NÃ£o sei pq mas eu lembrei do espipeidoto ğŸ˜‚ğŸ˜‚ğŸ˜‚"
"07/03/2024 19:22:11","10","TikTok_Curitiba","2024","Meu namorado faz isso, nÃ£o gosto, no comeÃ§o quase perdi o interesse, mas me acostumei e tÃ¡ tudo bem kkkkkkkkkğŸ˜­"
"07/03/2024 20:39:02","8","TikTok_Salvador","2024","Deus que me livre"
"07/03/2024 22:29:07","7","Online_Community","2024","Gente, eu acho super normal isso, aqui em casa quem mais faz isso sou eu kkkkk, vejo apenas a intimidade entre um casal!"
"07/04/2024 08:30:00","7","TikTok_Fortaleza","2024","coitado dos cachorros ğŸ˜‚ğŸ˜‚"
"07/04/2024 08:32:36","8","TikTok_Porto_Alegre","2024","Eu particularmente nÃ£o gosto disso.ğŸ˜… Mas se pra ela tÃ¡ tudo bem e eles acham q tÃ¡ tudo certoğŸ¤­ ninguÃ©m tem nada haver com isso ğŸ˜‰ atÃ© pq quem tÃ¡ cheirando sÃ£o eles e nÃ£o vcs.ğŸ˜…ğŸ˜‚ğŸ˜…ğŸ¤­"
"07/04/2024 13:29:49","8","TikTok_Salvador","2024","nem se eu me odiasse muito ğŸ’€"
"07/04/2024 15:01:35","8","TikTok_Fortaleza","2024","Aqui a gente da risada kkkkkkk o pessoal problematiza demais ğŸ˜‚"
"07/04/2024 15:32:07","8","Digital_Platform","2024","28 anos de casada se for ligar pelo peido do meu esposo nÃ£o ficava nem o primeiro dia kkkk"
"07/04/2024 16:14:34","1","Online_Community","2024","Eu ia ficar chateada pq virou pra mim e nÃ£o pro outro lado kkkkkk"
"07/04/2024 16:21:45","8","Online_Community","2024","Eu jÃ¡ ia mandar peidar na minha cara logo"
"07/04/2024 17:28:23","2","TikTok_Curitiba","2024","Acho horrÃ­vel isso, sinceramente, nÃ£o Ã© pq Ã© meu marido q preciso aturar tudo"
"07/04/2024 17:47:40","7","TikTok_Fortaleza","2024","Acho que peidar livremente no relacionamento Ã© a coisa mais libertadora de todas."
"07/04/2024 18:16:00","8","TikTok_Curitiba","2024","isso que Ã© intimidade ğŸ¥°"
"07/04/2024 18:59:38","10","TikTok_Salvador","2024","ğŸ™„ğŸ™„ğŸ™„perde o interesse ğŸ™„ğŸ™„ğŸ™„ğŸ™„ o amor RASO e FÃšTIL dessas mulheres me assusta. SÃ³ as princesas que fazem cocÃ´ em formato de rosas com cheiro de mirtilos selvagens e nunca soltaram um pum sem ser DENTRO do banheiro, SENTADA no vaso, nÃ©?! ui, chatÃ©rriimaasssssssss"
"07/04/2024 19:30:21","8","TikTok_Porto_Alegre","2024","rapaz isso Ã© o de menos meu marido toda veiz que vou no banheiro fazer o nÃºmero 2 ele vai atrÃ¡s pra fica conversando ğŸ˜‚ğŸ˜‚"
"07/04/2024 19:34:13","7","TikTok_Salvador","2024","E o povo perdendo interesse por um pedido?!! KKKKKKKK Pessoas que nunca tiveram relacionamento, uÃ³"
"07/04/2024 19:37:49","7","Online_Community","2024","Custa entrar na brincadeira? rir junto Ã© a melhor coisa que existe, ainda mais de coisas idiotas como essa, deixar o peso do ser adulto de lado e rir de um peido, de um arroto.. tem muita gente vivendo errado e sendo velho amargo por aÃ­"
"07/04/2024 19:41:30","8","TikTok_Salvador","2024","sÃ©rio que isso nÃ£o Ã© normal na casa de vocÃªs?ğŸ˜‚ğŸ˜‚"
"07/04/2024 20:30:26","7","Online_Community","2024","Do jeito q tÃ£o comentando parece q ele deu um tapa na cara dela ğŸ™„"
"07/04/2024 20:59:34","7","TikTok_Fortaleza","2024","Bah eu jÃ¡ mando largar kkk"
"07/04/2024 21:11:59","8","TikTok_Recife","2024","Passada parece aqui em casa mulher ğŸ˜‚ğŸ˜‚"
"07/04/2024 21:14:45","7","TikTok_BH","2024","Eu acho o Ã“ esses casais que consideram falta de respeito e nÃ£o tem essa liberdade com o parceiro ğŸ˜‚ğŸ˜‚"
"07/04/2024 22:11:49","10","Digital_Platform","2024","Eu desto isso mas meu love veio com esse defeito. Sempre falo que vou resolver o problema com um saco de rolhas."
"07/04/2024 22:20:01","7","TikTok_Salvador","2024","ğŸ˜†ğŸ˜†ğŸ˜†ğŸ˜†ğŸ˜†ğŸ˜†ğŸ˜† esse casal tem intimidade ğŸ¥° aqui em casa nao temos vergonha um do outro kkkkkk"
"07/04/2024 23:01:59","8","Digital_Platform","2024","Eu acho falta de educaÃ§Ã£o sim,o mesmo vale para arrotar, espirrar em cima dos outros ou tossir sem proteÃ§Ã£o."
"07/05/2024 08:44:14","7","TikTok_RJ","2024","Essa aÃ­ te ama de verdade viu kkkkk da valor nela pq nÃ£o Ã© qualquer uma que aguenta o fedor nÃ£o ğŸ˜‚ğŸ˜‚ğŸ˜‚ğŸ˜‚ğŸ˜‚ğŸ˜‚ ela fica rindo e nÃ£o sai de perto ğŸ˜‚ğŸ˜‚ğŸ˜‚ğŸ˜‚"
"07/05/2024 09:11:15","8","Online_Community","2024","agente acho tÃ£o feio este tipo de intimidade ...nÃ£o consigo ser assim, perde um pouco o sex appeal..sÃ³ minha opiniÃ£o ..."
"07/05/2024 09:22:41","7","TikTok_Salvador","2024","e eu que fui a um date com o cara , e ele parecia uma corneta kkkkkkkkkk a cada 3 palavras um peido e ele agia como se fosse normal"
"07/05/2024 10:53:39","10","TikTok_Fortaleza","2024","kkkkkkk meu namorado faz isso todas as vezes , eu nem importo , faÃ§o o mesmo . kkkkkk super normal gente ğŸ˜‚ Ã³timo Ã© eles falando q o peido tava melhorando ."
"07/05/2024 12:00:57","10","TikTok_Porto_Alegre","2024","o meu peida demais e toda vez eu acho engraÃ§ado, por isso sou mais feliz que vocÃªs"
"07/05/2024 13:15:01","7","TikTok_BH","2024","Esse Ãºltimo sujou a cueca kkkkkkkk"
"07/05/2024 13:41:05","7","TikTok_Porto_Alegre","2024","quando meu marido pejda eu rapidamente saio correndo, pq sei que ali vai estÃ¡ o valÃ£o a cÃ©u aberto"
"07/05/2024 14:03:55","7","TikTok_Curitiba","2024","Falta de respeito pra mim Ã© me trair, me xingar e nÃ£o valorizar o que eu faÃ§o para a pessoa! As pessoas se ofendem com um peido cara! Imagina qual amarga Ã© estÃ¡ ao lado de uma pessoa dessa ?"
"07/05/2024 14:25:30","7","Online_Community","2024","Eu tenho um Ã³dioooooğŸ˜‚ğŸ˜‚ğŸ˜‚"
"07/05/2024 14:39:54","7","Online_Community","2024","Pode atÃ© peidar, mas mira o rojÃ£o pro outro lado pÃ´ ! ğŸ¤£ğŸ˜"
"07/05/2024 17:47:41","7","Online_Community","2024","acredito nÃ£o que tÃ£o botando problematizaÃ§Ã£o em peidoKkkkkk marrapaz, vÃ£o tomar um chÃ¡ pra vcs peidarem tb"
"07/05/2024 19:20:53","7","Digital_Platform","2024","INTIMIDADE Ã‰ FODA KKKKKKKKKKKKKKKKKKKKKKKKK"
"07/05/2024 19:51:15","7","Online_Community","2024","caminho sem volta isso kkk"
"07/05/2024 19:54:55","10","Digital_Platform","2024","kakakakakaakakakakakakakakaakakakakakakakaakak...os fedorentos aqui em casa sÃ£o sempre os meus, amo soltar perto do marido pq ele fica muito puto, sai andando pela casa xingando, da Ã¢nsia, o drama completo... 17 anos junto e a intimidade de milhÃµes..."
"07/05/2024 20:29:49","8","TikTok_Porto_Alegre","2024","Faltar com respeito Ã© trair. Peidar Ã© necessidade biolÃ³gica."
"07/05/2024 21:10:42","8","TikTok_Porto_Alegre","2024","Fala sÃ©rio!"
"07/05/2024 23:02:45","8","TikTok_BrasÃ­lia","2024","Ele virando o popÃ´ ğŸ˜‚ğŸ˜‚ğŸ˜‚"
"07/05/2024 23:13:55","10","Social_Media_Hub","2024","Eu sou bariÃ¡trica se nÃ£o puder peidar pelo amor de Deus eu e meu marido 11 anos juntos somos assim, leve e risos"
"07/06/2024 08:14:51","7","TikTok_Porto_Alegre","2024","Fez balÃ£ozinho com a bosta ğŸ˜‚"
"07/06/2024 08:54:10","7","Social_Media_Hub","2024","Eu peido no lado do meu marido, e caio na risada. Mas quando Ã© ele eu brigo e ele adora ver essa briga. Hahah da risada. ğŸ¤­ E quando eu peido fedido ele diz: sÃ³ enterrar pq o corpo tÃ¡ podre ğŸ˜‚ğŸ˜‚ğŸ˜‚"
"07/06/2024 08:55:31","6","TikTok_BH","2024","o povo falando q Ã© deselegante kkk gente deselegante vai ser ir pro hospital com cÃ³lica intestinal depois eu ein, cÃªs tÃ£o em casa, solta o peido logo kkkkkk"
"07/06/2024 10:25:07","7","TikTok_BrasÃ­lia","2024","Kkkkkk, amiga filma a rotina deleâ€¦ tipo ele tomando banho ğŸ˜"
"07/06/2024 13:14:31","10","TikTok_RJ","2024","Amo fazer isso jkjkkkj"
"07/06/2024 14:13:06","7","TikTok_Fortaleza","2024","Da me ummmm ğŸ’¨"
"07/06/2024 15:16:02","7","TikTok_Recife","2024","Eu esperando ela retribuir ğŸ˜‚ğŸ˜‚ğŸ˜‚"
"07/06/2024 16:05:12","8","Social_Media_Hub","2024","Aqui Ã© o tempo todo assim kkkk meu marido Ã© sÃ³ Deus na causaâ€¦. E entÃ£o fico atrÃ¡s nÃ£o ğŸ¤£ğŸ¤£ğŸ¤£ğŸ¤£"
"07/06/2024 16:28:23","7","TikTok_BrasÃ­lia","2024","Gente eu jÃ¡ estressoğŸ¤£"
"07/06/2024 17:00:24","8","TikTok_BrasÃ­lia","2024","Aqui em casa tem atÃ© disputa kkkkkkkkk"
"07/06/2024 18:34:13","7","Social_Media_Hub","2024","Eu e o meu marido Ã s vezes atÃ© competimos pra ver quem peida mais alto kkkkkkk"
"07/06/2024 18:38:23","8","Social_Media_Hub","2024","se nÃ£o peidar assim nÃ£o tem graÃ§a"
"07/06/2024 19:34:04","8","TikTok_Porto_Alegre","2024","Destrancaram ele gente ğŸ¤£"
"07/06/2024 20:48:53","8","TikTok_SP","2024","Dps nÃ£o sabe pq a mulher tem dor de cabeÃ§a toda noite"
"07/06/2024 21:25:08","7","Digital_Platform","2024","Fui fazer isso , me caguei"
"07/06/2024 21:37:31","10","TikTok_Curitiba","2024","SE CHAMA AMOR âœ¨"
"07/06/2024 22:21:16","7","Digital_Platform","2024","ela claramente acostumada KKKKKKKKKKKKKKKKKKKK"
"07/06/2024 22:33:16","8","TikTok_SP","2024","ma segunda ele cag0 certeza ğŸ˜‚ğŸ˜‚ğŸ˜‚ğŸ˜‚"
"07/07/2024 10:03:21","7","TikTok_Fortaleza","2024","Se colocasse mais forÃ§a, a moto pegava direto ğŸ˜‚ğŸ˜‚ğŸ˜‚, gente acho muito normal isso"
"07/07/2024 11:47:57","7","TikTok_BrasÃ­lia","2024","Gente, as pessoas peidam ğŸ˜ como diz uma amiga que Ã© mÃ©dica veterinÃ¡ria ""tem ğŸ†’, peida!"" e a vida em casal Ã© assim mesmo uai, cÃªs acham que vÃ£o casar e nunca vÃ£o ouvir um peidinho do parceiro? TÃ´ impressionado com a quantidade de amargura e frescura nesses comentÃ¡rios, misericÃ³rdia."
"07/07/2024 12:20:45","8","TikTok_BH","2024","O meu ia peidar ainda ia falar que a culpa Ã© da comida gostosa que eu fiz ğŸ˜‚ğŸ˜‚ğŸ˜‚ğŸ˜‚ e claro, eu ia rir mtt kkkkkkk"
"07/07/2024 12:37:42","7","TikTok_BrasÃ­lia","2024","Kkkkkkkkkkkkkk desfruto da intimidade"
"07/07/2024 12:53:01","9","TikTok_BH","2024","essas poesias de amor eu amo"
"07/07/2024 13:28:52","7","TikTok_Salvador","2024","Menina, foi quase uma conversağŸ¤£ğŸ¤£ğŸ¤£ğŸ¤£"
"07/07/2024 16:59:56","7","TikTok_BH","2024","meu noivo sÃ³ falta se cagar na minha frente ğŸ˜‚ğŸ˜‚ğŸ˜‚ğŸ˜‚ e eu tambÃ©m"
"07/07/2024 17:24:53","8","TikTok_Porto_Alegre","2024","ai gente amor q nojo"
"07/07/2024 18:51:12","8","TikTok_Salvador","2024","Tem dias de dar atÃ© Ã¢nsia de vÃ´mito ğŸ˜‚"
"07/07/2024 22:08:12","7","TikTok_Recife","2024","sÃ³ as c* lacrado nos comentÃ¡rios!"
"07/07/2024 22:25:12","3","TikTok_Fortaleza","2024","Credo que nojo ğŸ¥ºğŸ¤¢ meu marido faz uma dessas Ã© briga na certa ğŸ˜…uix"
"07/07/2024 23:22:46","8","TikTok_Porto_Alegre","2024","NÃ£nnnn que nojo Ã© falta de respeito, sigo solteira e feliz graÃ§as a Deus"
"07/07/2024 23:41:58","10","TikTok_BH","2024","nÃ£o acho nada engraÃ§ado ğŸ¥º perco o interesseğŸ¥º"
"07/08/2024 09:07:55","8","TikTok_Porto_Alegre","2024","chegou nesse nÃ­vel de intimidade nao larga mais. muita gente amargurada nos comentÃ¡rios ."
"07/08/2024 09:44:56","8","Digital_Platform","2024","Passada com o video e os comentÃ¡rios ğŸ¤£ğŸ¤£ğŸ¤£ğŸ¤£ğŸ¤£ğŸ¤£ğŸ¤£ğŸ¤£ğŸ¤£ğŸ¤£"
"07/08/2024 12:03:40","8","Social_Media_Hub","2024","nÃ£o julgo estou casada 15 anos aqui casa Ã© igual kkkk ele caga porta aberta eu sentada no corredor fofocando com ele fofocas do dia normal kkkk intimidade Ã© tipo relaÃ§Ã£o que dura"
"07/08/2024 13:01:38","8","TikTok_BH","2024","Td vez q meu marido faz isso ele apanha ğŸ¤£ğŸ¤£"
"07/08/2024 16:52:31","7","Digital_Platform","2024","affffs ,por isso os casamentos estÃ£o se acabando ,n hÃ¡ mais respeito entre os parceiros ğŸ˜­,isso Ã© uma falta de respeito"
"07/08/2024 16:54:16","7","TikTok_Recife","2024","E o cachorro sÃ³ aceitando ğŸ¤¡ğŸ˜‚"
"07/08/2024 17:04:16","7","TikTok_Porto_Alegre","2024","sÃ³ quem tem relacionamento longo sabe ğŸ˜‚ğŸ˜‚ğŸ˜‚"
"07/08/2024 17:51:00","7","TikTok_Fortaleza","2024",",se tivesse lÃ­ngua falava ğŸ˜‚ğŸ˜‚"
"07/08/2024 17:58:34","8","Digital_Platform","2024","Desfruta da intimidadeâ€¦ ğŸ¤£ğŸ¤£ğŸ¤£"
"07/08/2024 18:10:41","8","Digital_Platform","2024","todo casal passa por isso.."
"07/08/2024 19:02:32","7","TikTok_RJ","2024","Quando os gases causados pela endometriose atacam o que resta ao meu marido Ã© rir tambÃ©m pq sinto tanta dor que sÃ³ Deus sabe o alÃ­vio kkkk"
"07/08/2024 19:08:57","7","TikTok_BH","2024","kkkkkkkkkkkkkkkk senti o alÃ­vio daqui aqui em casa as vezes rola competiÃ§Ã£o ğŸ˜‚ğŸ˜‚ğŸ˜‚ğŸ˜‚"
"07/08/2024 20:00:46","7","Digital_Platform","2024","Eu tenho que repensar minhas atitudes como esposa, eu devo ser muito chata"
"07/08/2024 21:02:30","8","Online_Community","2024","kkkk faÃ§o muito com minha esposa... Ela sempre espera eu terminar pra dizer ""CAGOU"" ğŸ¤£ğŸ¤£ğŸ¤£"
"07/08/2024 21:20:47","8","TikTok_Porto_Alegre","2024","meu marido 24 hras , sÃ³ peida pqp ....mas pra me dÃª boa kkkk melhor pra fora do que pra dentro ğŸ¤£ğŸ¤£"
"07/08/2024 22:54:52","3","TikTok_BH","2024","Cada um sabe seu limite , odeio que podem perto de mim Ã© uma nojeira uma deselegÃ¢ncia"
"07/08/2024 23:35:04","9","TikTok_Porto_Alegre","2024","so mostra que o casamento deles Ã© super saudÃ¡vel, relacionamento bom Ã© assim,importa Ã© que sÃ£o felizes ğŸ‘ğŸ‘ğŸ‘"
"07/09/2024 09:23:26","7","TikTok_SP","2024","Aqui em casa a gente faz Ã© disputar qual sai mais alto.ğŸ˜‚ğŸ˜‚ğŸ˜‚ğŸ˜‚"
"07/09/2024 09:56:56","7","TikTok_Recife","2024","Cristiane Butierri."
"07/09/2024 10:05:06","8","Social_Media_Hub","2024","Ai gente eu me mato de rir se isso acontecer comigoğŸ˜‚ğŸ˜‚ğŸ˜‚ğŸ˜‚ğŸ˜‚"
"07/09/2024 12:45:34","10","TikTok_Curitiba","2024","chamou meu nome so falto o sobre nome ğŸ¤£ğŸ¤£ğŸ¤£ğŸ¤£"
"07/09/2024 13:10:37","8","TikTok_Recife","2024","Gente... o nÃ­vel de intimidade ğŸ˜‚"
"07/09/2024 13:16:57","7","TikTok_RJ","2024","Essas que dizem que Ã© nojento e falta de respeito sÃ£o as mesmas que tem que levar a mÃ£e pra sala de parto pq o alecrim dourado delas nÃ£o querem acompanhar e ver o estado que elas ficam ğŸ¤©"
"07/09/2024 14:53:23","8","Digital_Platform","2024","gente kkkkkkkkkkkkk onde que peidar Ã© falta de respeito"
"07/09/2024 15:03:41","8","Digital_Platform","2024","Q horror, acaba o tensÃ£o na hora.ğŸ˜”"
"07/09/2024 15:31:39","8","TikTok_Porto_Alegre","2024","Vira do outro lado pelo menos"
"07/09/2024 15:42:05","9","TikTok_Porto_Alegre","2024","A diferenÃ§a de um bom relacionamento ğŸ˜‚ğŸ˜‚ğŸ˜‚"
"07/09/2024 16:49:37","8","TikTok_BrasÃ­lia","2024","O que te lembra"
"07/09/2024 17:01:03","7","TikTok_RJ","2024","eu quero ver o video da revanche ğŸ˜‚ğŸ˜‚"
"07/09/2024 17:08:59","8","TikTok_Salvador","2024","Eu nÃ£o vejo graÃ§a nenhuma! Acho super brochante"
"07/09/2024 19:51:00","8","TikTok_RJ","2024","eu ia rir mas sairia correndo ğŸ¤£ğŸ¤£ğŸ¤£ğŸ¤£ğŸ¤£"
"07/09/2024 21:53:38","7","Digital_Platform","2024","Regina Artes em crochÃª"
"07/09/2024 22:33:48","9","Social_Media_Hub","2024","Identifico um casamento feliz de longe kkkkkkkkkk"
"07/09/2024 23:17:13","9","Online_Community","2024","Observando as mulheradas falando que se separia, que nÃ£o faz isso na frente um do outro, Ã© sÃ©rio isso kkkkk pois aqui peidamos muito ğŸ¤£ğŸ¤£ğŸ¤£"
"07/10/2024 11:53:30","3","TikTok_Porto_Alegre","2024","Povo cheio dos mimi nos comentÃ¡rios! Aff faÃ§am o favor hein?! Vcs nao vivem entÃ£o! Credo!"
"07/10/2024 13:05:26","9","TikTok_Porto_Alegre","2024","Eu fui a primeira a peida na frente dele jÃ¡ estamos 1 ano e 6 meses ainda cubro a cabeÃ§a dele na coberta ğŸ˜…ğŸ˜…"
"07/10/2024 13:20:57","10","TikTok_Porto_Alegre","2024","ğŸ¤£ğŸ¤£ğŸ¤£o importante Ã© as risadas deles, cada casal tem suas regras. E sejam felizes"
"07/10/2024 14:09:31","7","TikTok_RJ","2024","Para mim Ã© o Ã¡pice da intimidade, fico com o coraÃ§Ã£o quentinho kkkkk"
"07/10/2024 15:19:21","8","Online_Community","2024","povo amargurado aqui nos comentÃ¡rios kkkkkkkkkkkkkk eu peido toda hora aqui ğŸ˜‚ğŸ˜‚ğŸ˜‚"
"07/10/2024 15:38:50","8","TikTok_SP","2024","eu lendo os comentÃ¡rios preocupada (meu pai peida e prende minha mÃ£e embaixo da coberta"
"07/10/2024 16:12:57","10","TikTok_Porto_Alegre","2024","pq vc tÃ¡ rindo pro celular se quem estÃ£o felizes sÃ£o eles ğŸ«©"
"07/10/2024 16:48:29","7","TikTok_SP","2024","uma vez meu noivo deixou escapar e ficou sem jeito eu falei nÃ£o foi nada, ele como assim, eu respondi tu nÃ£o Ã© carrapato todo mundo peida kkkkkkk"
"07/10/2024 16:54:00","7","Online_Community","2024","os cachorros morto jÃ¡"
"07/10/2024 17:09:46","7","Digital_Platform","2024","ğŸ˜‚ğŸ˜‚ğŸ˜‚ motivo de muita gargalhada"
"07/10/2024 18:02:10","8","TikTok_Curitiba","2024","acho isso uma grande falta de respeito, e sÃ³ aceita isso do parceiro quem tambÃ©m nÃ£o tem noÃ§Ã£o"
"07/10/2024 19:50:39","10","Online_Community","2024","CÃ¢mera na sala: melhor aquisiÃ§Ã£o da vida kkkkkkk ğŸ˜‚ğŸ˜‚ o bom Ã© que os peidos do seu maridÃ£o tb rendem bons momentos entre os amigos ğŸ¥°ğŸ¥°"
"07/10/2024 23:04:56","8","TikTok_SP","2024","kkkkkkkkkkkkkk..... tÃ¡ calibrado kkkkkkkkk"
"07/10/2024 23:15:30","7","TikTok_BH","2024","Nossa, cheio de gente que nÃ£o peida nos comentÃ¡rios ğŸ¤£"
"07/10/2024 23:43:08","8","TikTok_RJ","2024","akkkkakakkakaka o povo julgando e eu rachando os bico aq de casa"
"07/11/2024 08:16:31","8","Social_Media_Hub","2024","NÃ£o viu aqui em casa, toda hora trovejando ğŸ¤£"
"07/11/2024 11:00:19","9","TikTok_BrasÃ­lia","2024","cara meu esposo e desse jeito e somos felizes ğŸ˜‚ğŸ˜‚ğŸ˜‚"
"07/11/2024 11:08:41","7","TikTok_Recife","2024","nÃ£o tem como nÃ£o rir de um peido ğŸ˜‚ğŸ˜‚ğŸ˜‚ğŸ˜‚ğŸ˜‚ğŸ˜‚"
"07/11/2024 11:34:05","9","TikTok_BrasÃ­lia","2024","ğŸ˜‚ğŸ˜‚ğŸ˜‚ isso Ã© uma declaraÃ§Ã£o de amor cheio de mulher aqui com recalque"
"07/11/2024 11:34:52","8","Social_Media_Hub","2024","Pode jogar fora ğŸ˜"
"07/11/2024 12:46:33","1","TikTok_RJ","2024","por isso fique con nojo do ex"
"07/11/2024 13:05:08","9","TikTok_SP","2024","povo falando de 10 anos que nunca fez, minha mulher comeÃ§ou com 3 meses de namoro KKKKKKKKK"
"07/11/2024 17:57:03","8","TikTok_Recife","2024","0 respeito Deus me livre conviver com uma pessoa dessas meu irmÃ£o faz isso eu saio de perto na hora ainda chingo atÃ© dizer chega"
"07/11/2024 21:39:33","7","TikTok_Curitiba","2024","20 de casado nem ela nem eu fazemos isto Crente do outro"
"07/11/2024 21:49:13","8","TikTok_Porto_Alegre","2024","coitado do cachorros kkkkkk"
"07/11/2024 22:06:30","8","TikTok_BrasÃ­lia","2024","Eu prendendo a respiracao pra nao sentirğŸ˜‚"
"07/12/2024 08:12:04","10","TikTok_SP","2024","peidar Ã© bom dms"
"07/12/2024 08:34:29","7","TikTok_Curitiba","2024","ridÃ­culo isso meu Deus"
"07/12/2024 09:03:59","8","TikTok_Porto_Alegre","2024","O cachorrinho bem na mira no segundo peido kkkkkkkkkk"
"07/12/2024 11:20:24","8","Social_Media_Hub","2024","Pro lado dela em vez do lado oposto? ğŸ« "
"07/12/2024 12:03:20","7","TikTok_SP","2024","Aqui em casa Ã© desse jeito kkkkkk e o guri indo do mesmo jeito"
"07/12/2024 14:50:30","7","Digital_Platform","2024","nÃ£o acho bonito isso .."
"07/12/2024 15:49:27","8","TikTok_SP","2024","Deus me livre ğŸ˜‚ğŸ˜‚"
"07/12/2024 16:09:21","8","TikTok_Porto_Alegre","2024","eu gravida assim a cada 10 minutos perto do meu marido, nao tem mt oq fazer kkkkk"
"07/12/2024 16:28:49","8","Social_Media_Hub","2024","eu jÃ¡ tinha voado daÃ­ ğŸ˜‚ğŸ˜‚ğŸ˜‚"
"07/12/2024 16:59:23","9","Digital_Platform","2024","jÃ¡ falo logo nÃ£o tem graÃ§a .Po amor te de sacanagem kkkkk"
"07/12/2024 18:53:10","7","TikTok_BrasÃ­lia","2024","Meu marido faz sempre! Eu nunca fiz."
"07/12/2024 19:01:48","9","Online_Community","2024","Quando eu via isso dizia: Deus me livre viver com um homem que faz isso, deixo de amar na hora. Bom, estou casada hÃ¡ 4 meses e Ã© desse jeito, me acabo de rir e amo mais e mais a cada diağŸ¤­ğŸ¤­ğŸ¤­"
"07/12/2024 19:32:09","8","TikTok_Recife","2024","Eu e meu marido falta tacar bost@ na cara um do outro ğŸ¤£ morremos de rir sempre"
"07/12/2024 21:25:17","7","TikTok_RJ","2024","Peido e fofoca edificam o casal. Aqui 13 anos juntos e contando ğŸ˜‚"
"07/12/2024 21:29:18","4","Social_Media_Hub","2024","25 anos de casada e graÃ§as a Deus meu Marido nunca fez isso. !ğŸ™ Odeio falta respeito"
"07/13/2024 08:19:15","10","Social_Media_Hub","2024","Ã‰ PRA ACHAR ENGRAÃ‡ADO??ğŸ™„ğŸ™„ğŸ™„"
"07/13/2024 10:46:11","7","TikTok_RJ","2024","Bem vindo a vida de casado kkkkkk"
"07/13/2024 11:05:13","7","TikTok_Curitiba","2024","eu morro de rir da galera criticando, 10 anos de casado aqui e Ã© muito desfrute da intimidade (entendedores entenderÃ£o) kkkkkkkkk"
"07/13/2024 13:08:02","8","Online_Community","2024","O cachorro sem nenhuma reaÃ§Ã£o pois tb tÃ¡ acostumado kkkkkkkk"
"07/13/2024 15:08:53","3","TikTok_SP","2024","Meu Deus super sem graÃ§a credooo,Ela posta e nÃ£o quer que as pessoas falem mal que nojo"
"07/13/2024 16:58:51","8","TikTok_Fortaleza","2024","Kkkkkkkk deixa eles gente"
"07/13/2024 18:01:25","7","Online_Community","2024","eu e meu marido Ã© unido por um peido ğŸ¤£ğŸ¤£"
"07/13/2024 18:43:20","7","TikTok_Porto_Alegre","2024","O povo incomodado ğŸ˜‚ğŸ˜‚ bando de entupidosğŸ˜‚ğŸ˜‚ğŸ˜‚"
"07/13/2024 19:00:32","7","TikTok_Porto_Alegre","2024","Oxi eu e meu marido faz Ã© apostar quem peida mais kkkkkkkkk."
"07/13/2024 19:00:45","7","TikTok_Salvador","2024","O cachorro bem ali no meio ğŸ’€"
"07/13/2024 21:03:08","7","TikTok_Salvador","2024","do conta n jÃ¡ brigo logo ğŸ˜³ğŸ˜³ğŸ˜³"
"07/13/2024 21:21:20","7","TikTok_RJ","2024","Sou das antigas nÃ£o tenho mimimi pra nada mas acho tÃ£o nojento fazer isso perto da esposa,isso eu nunca vou achar normal ğŸ˜…ğŸ˜…ğŸ˜… Desculpa os peidorreiro de plantÃ£o ğŸ¤"
"07/13/2024 23:14:34","7","TikTok_BH","2024","Desliga nÃ£o, quero dÃ¡ uma volta ğŸ˜‚ğŸ˜‚ğŸ˜‚"
"07/13/2024 23:51:32","8","Online_Community","2024","Todo mundo comentando deve ser ressecado sÃ³ pode!"
"07/14/2024 09:51:41","8","TikTok_SP","2024","aqui em casa Ã© assim jÃ¡ desistiğŸ˜…"
"07/14/2024 10:21:17","8","TikTok_Curitiba","2024","Eu expulso meu marido do quarto KKK"
"07/14/2024 10:22:07","8","TikTok_BH","2024","Deus me livre ter q passar por isso pra sentir q tenho intimidade e conexÃ£o no casamento."
"07/14/2024 11:33:05","8","TikTok_SP","2024","Aqui em casa Ã© competiÃ§Ã£o,e se reclamar do cheiro da prÃ³xima Ã© pior kkkkkkk"
"07/14/2024 12:50:41","8","TikTok_Porto_Alegre","2024","Fico com uma raiva"
"07/14/2024 13:04:25","8","TikTok_SP","2024","SÃ©rio mesmo que o pessoal dos comentÃ¡rios atrela o nÃ­vel de intimidade de um casal pelo fato de peidarem na frente um do outro? no meu relacionamento isso nÃ£o acontece e nem por isso temos menos intimidade, cada uma"
"07/14/2024 14:21:47","7","TikTok_Fortaleza","2024","Eu jÃ¡ pergunto se perdeu as prega do boga hahahahahah q isso gnt ğŸ˜‚"
"07/14/2024 15:40:17","8","Digital_Platform","2024","Meta de relacionamento ğŸ¤£"
"07/14/2024 17:34:49","7","TikTok_Recife","2024","â€œFoi melhor ainda esseâ€ ğŸ˜‚ğŸ˜‚ğŸ˜‚ğŸ˜‚ğŸ˜‚ğŸ˜‚"
"07/14/2024 17:44:16","8","TikTok_Recife","2024","Vcs precisam rever esses relacionamentos. Se um peidinho te faz perder o interesse e T, algo de errado nÃ£o estÃ¡ certo."
"07/14/2024 18:01:34","2","TikTok_Salvador","2024","Eu quando tou chateada com meu Marido odeio k ele faÃ§a isso. Mais cÃ¡ em casa Ã© normal um peidar pra o outro ğŸ˜‚ğŸ˜‚ğŸ˜‚ğŸ˜‚"
"07/14/2024 18:26:14","2","TikTok_BrasÃ­lia","2024","Meu noivo nunca fez isso na minha frente, eu agradeÃ§o. Pois acho muito deselegante."
"07/14/2024 19:43:15","10","TikTok_Recife","2024","eu com cinco messes de namoro, peidando horrores na frente do meu namorado kkk mto bom"
"07/14/2024 20:08:20","8","TikTok_RJ","2024","Agora que eu vi o cachorro do lado morreu kkkkğŸ˜‚ğŸ˜‚ğŸ˜‚ğŸ˜‚"
"07/14/2024 20:10:16","8","TikTok_SP","2024","â€œ nossa e o fedorâ€ğŸ˜‚"
"07/14/2024 20:41:44","10","TikTok_Porto_Alegre","2024","Ai que amor ğŸ¥°"
"07/14/2024 21:51:42","8","Online_Community","2024","Isso Ã© tÃ£o normal entre casais sem frescura â¤ï¸"
"07/14/2024 23:36:10","7","TikTok_Fortaleza","2024","As pessoas preferem peidar p dentroğŸ˜‚"
"07/15/2024 08:27:31","10","TikTok_SP","2024","2 Anos de relacionamento e meu namorado faz isso nÃ£o vejo nada de mais!"
"07/15/2024 09:30:09","7","TikTok_Fortaleza","2024","Eles devem um cagar na frente do outro"
"07/15/2024 09:59:44","7","TikTok_SP","2024","Eu fico tao brava kkkkk detesto"
"07/15/2024 11:17:33","8","Digital_Platform","2024","Parece q sÃ£o todos iguais ğŸ˜­"
"07/15/2024 11:45:10","7","Online_Community","2024","Saiu todo borrado com certeza ğŸ˜…ğŸ˜‚ğŸ˜‚ğŸ˜‚"
"07/15/2024 13:13:32","9","TikTok_RJ","2024","Nem tudo precisa ser exposto na relaÃ§Ã£o, o interesse acaba. EducaÃ§Ã£o Ã© bonito atÃ© dentro de casa! Aposto que com a namorada ele nÃ£o faz issoğŸ™„"
"07/15/2024 17:34:51","8","TikTok_Fortaleza","2024","sÃ³ quem ama aceita os defeitos, aliÃ¡s um pedido nÃ£o Ã© defeito Ã© gases ğŸ˜‚ğŸ˜‚ğŸ˜‚"
"07/15/2024 18:17:58","4","TikTok_Porto_Alegre","2024","se faz uma coisa dessa comigo, eu jÃ¡ perco o interesse na hora, odeiooooo demais"
"07/15/2024 19:22:53","10","TikTok_RJ","2024","Eu e meu esposo somos igualzinhos e super felizes Ã© muito amor envolvido ğŸ¤£"
"07/15/2024 19:46:57","7","TikTok_Recife","2024","de onde esse povo tirou que peidar Ã© falta de respeito?"
"07/15/2024 19:59:53","8","Digital_Platform","2024","NÃ£o Ã© esse tipo de Ã­ntimo que ele.tem com a amante ğŸ˜"
"07/15/2024 21:10:22","8","TikTok_SP","2024","Cara isso acaba casamento sÃ³ acho"
"07/15/2024 22:56:43","7","TikTok_Curitiba","2024","Aqui ninguÃ©m peida, imagine viver entupido anos na frente do marido. Liberte-se! Fazem coisa pior, quem dirÃ¡ soltar uma bufinha. ğŸ¤£"
"07/15/2024 23:30:02","7","TikTok_BrasÃ­lia","2024","Eu fico brava de um nÃ­vel"
"07/15/2024 23:30:25","8","TikTok_Recife","2024","Kkkkk nem conto depois da bariÃ¡trica kkkkk. Ganho sempre ğŸ¤£"
"07/16/2024 09:02:51","7","Digital_Platform","2024","Aqui um peida e o outro responde kkkkğŸ˜‚ğŸ¥°ğŸ˜"
"07/16/2024 12:39:09","8","TikTok_Curitiba","2024","vixi tÃ¡ frouxo ğŸ˜…"
"07/16/2024 15:30:34","7","TikTok_RJ","2024","NÃ£o gosto q meu marido peide perto de mim. fede muito"
"07/16/2024 15:37:28","9","TikTok_Porto_Alegre","2024","eu nÃ£o gosto, mas quem gosta tÃ¡ Ã³timo kkkkkk"
"07/16/2024 18:35:38","10","TikTok_Porto_Alegre","2024","Deus me livre ter que sair do meu conforto pra ir peidar no banheiro, no comeÃ§o do namoro voltava toda inchada pq ficava segurando hoje em dia ele fala â€œnÃ£o desliga nao que eu quero andarâ€ ğŸ˜‚ğŸ˜‚"
"07/16/2024 18:40:34","7","TikTok_SP","2024","Acho isso tÃ£o desrespeitoso! Quando Ã© sem quer, ok! NÃ£o conseguimos controlar o corpo,mas quando dar, vai ao banheiro!"
"07/16/2024 19:40:39","7","TikTok_Porto_Alegre","2024","Se for longe de mim, eu sou risada, se for do meu lado, fico logo boladağŸ¤£ğŸ¤£ğŸ¤£ğŸ¤£ğŸ¤£"
"07/16/2024 20:02:38","9","TikTok_RJ","2024","isso amor atÃ© peido compartilha"
"07/16/2024 20:27:07","8","TikTok_Fortaleza","2024","sÃ©rio, nÃ£o fala mais comigo ğŸ˜…"
"07/16/2024 20:59:40","8","TikTok_BrasÃ­lia","2024","no segundo o caldinho escorreu sÃ³ pelo barulho molhado no final kkkkkğŸ¤£ğŸ¤£"
"07/16/2024 21:58:41","9","TikTok_Recife","2024","Estamos hÃ¡ 12 anos juntos. Nunca perde a graÃ§a kkkk"
"07/16/2024 22:25:58","7","TikTok_BrasÃ­lia","2024","Muito mimimi por aqui,por isso as pessoas nÃ£o vivem mais juntos,isso Ã© nÃ­vel de intimidade"
"07/16/2024 23:05:44","7","TikTok_Salvador","2024","o melhor Ã© o povo se estressando nos comentÃ¡rios enquanto a esposa da risada ğŸ˜‚ğŸ˜‚ğŸ˜‚ğŸ˜‚ğŸ˜‚ğŸ˜‚"
"07/16/2024 23:14:30","8","TikTok_SP","2024","Amiga vc sabe que essa intimidade e para poucos nÃ© kkkkkkk ğŸ˜³ mulherada casada falando vou separar se fizer isso kkkk"
"07/17/2024 08:30:47","7","TikTok_Salvador","2024","o cachorro desfalecido do ladoğŸ« ğŸ« ğŸ« ğŸ˜‚"
"07/17/2024 09:59:46","10","TikTok_Fortaleza","2024","Ai gente, acho mo gostosinho ter intimidades assim com a minha namorada, acho tÃ£o confortÃ¡vel ela se sentir bem pra ser ela mesma ao meu lado, nÃ£o ter que afastar pra fazer algo do tipo, fico incomodada atÃ© quando ela vai ao banheiro fazer o 2 e nÃ£o me chama pra gente ficar conversando no banheiro"
"07/17/2024 10:31:06","8","Digital_Platform","2024","Eu queria levar de boas, mas fico com enjoo sÃ³ de assistir !"
"07/17/2024 11:45:46","7","Digital_Platform","2024","na moral, isso pra mim Ã© o auge da intimidade kkkkkkk e acho muito da hora casa que tem esse nÃ­vel de intimidade"
"07/17/2024 12:14:38","8","Digital_Platform","2024","Manooo eu cobri o nariz kkkk"
"07/17/2024 12:20:10","8","TikTok_BH","2024","Acho uma falta de respeito gente"
"07/17/2024 12:59:50","8","Online_Community","2024","Aqui em casa Ã© uma sinfonia de peidos...um peida e outro responde, atÃ© a cachorrinha entra na orquestra ğŸ¤£ğŸ¤£ğŸ¤£ğŸ¤£"
"07/17/2024 13:36:16","8","TikTok_BH","2024","quero ver quando tiver velhinhos slsksksksksksksksk"
"07/17/2024 15:29:53","10","TikTok_Recife","2024","Povo chato, cheio de fricote! Ah gente pelo amor de Deus eu soltava outro mais alto pra ganhar dÃ³ dele ğŸ˜‚"
"07/17/2024 15:41:23","9","TikTok_Recife","2024","minha namorada ia me chamar de sem educaÃ§Ã£o ğŸ‘"
"07/17/2024 17:40:46","9","TikTok_Porto_Alegre","2024","Deus me livre, isso Ã© muito broxante. Sou caaasa hÃ¡ 20 anos e jamais fazemos isso um na frente do outro e ensino meus filhos que nunca faÃ§am isso na frente das namoradas. Tudo tem limite e cada ser humano precisa ter sua intimidade"
"07/17/2024 18:33:24","7","TikTok_Recife","2024","a gente nÃ£o faz isso perto das outras pessoas, por que? por respeito ğŸ«¡ mas algumas pessoas acham normal fazer isso na frente do parceiro. Deus me livre"
"07/17/2024 19:47:37","10","TikTok_Recife","2024","EngraÃ§ado como cada um enxerga o respeito de um jeitoâ€¦ Pra mim, falta de respeito Ã© trair, mentir, humilhar. Agora, soltar um peido e rir juntos? Isso aÃ­ pra mim Ã© intimidade, liberdade e parceria! Ri junto com eles ğŸ˜‚â¤ï¸"
"07/17/2024 20:08:05","7","TikTok_BH","2024","Eu vou ficando com nojo da pessoa, atÃ© de encostar nela. NÃ£o sei por que homem acha isso tÃ£o engraÃ§ado! ğŸ¤¦ğŸ¾â€â™€ï¸ğŸ¤¦ğŸ¾â€â™€ï¸ğŸ¤¦ğŸ¾â€â™€ï¸Ai se eles soubessem que a maioria das mulheres comeÃ§am pegar ranÃ§o daÃ­."
"07/17/2024 20:45:30","5","TikTok_RJ","2024","Deselegante e ruim Ã© traiÃ§Ã£o e mals tratos, acham ruim algo natural do corpo fazer, devem mijar de madrugada pro marido n saber"
"07/18/2024 09:27:10","8","TikTok_Fortaleza","2024","Como assim ela nÃ£o tampa o nariz ğŸ˜‚ğŸ˜‚ğŸ˜‚ğŸ˜‚"
"07/18/2024 10:05:32","7","TikTok_Curitiba","2024","tem gente besta, reclamando por causa de um peido, pior Ã© que tem pessoas que fica sentada soltando bufa depois fingindo que nÃ£o peidou. A pessoa tÃ¡ na sua casa e nao poder soltar um peido, misericÃ³rdia."
"07/18/2024 10:21:48","8","TikTok_Salvador","2024","FisiolÃ³gico nÃ© , as pessoas que estao reclamando devem soltar flores pelo ğŸ†’, eu teria vergonha se fosse inÃ­cio de relacionamento, mas depois que pega intimidade ja era !"
"07/18/2024 11:51:17","8","Social_Media_Hub","2024","Super normal jÃ¡ tÃ´ acustumado ğŸ˜… mas fico Putaaaa quando ele levanta a perna"
"07/18/2024 12:49:41","7","TikTok_Fortaleza","2024","tipo a sim num condeno, mais se eu tivesse uma mulher NÃ£o sei se eu fazia isso"
"07/18/2024 13:04:06","7","TikTok_BH","2024","Essa mulher sÃ³ pode estar medicada ğŸ˜…"
"07/18/2024 13:11:08","8","TikTok_BrasÃ­lia","2024","minha meta de relacionamento ğŸ˜‚ğŸ˜‚ğŸ˜‚ğŸ˜‚"
"07/18/2024 13:28:35","7","Social_Media_Hub","2024","A gente nasce sabendo peidar, as mÃ£es sofrem pelos bebÃªs que nÃ£o peidam mas depois que cresce nÃ£o pode peidar perto do parceiro? Faz nem sentido kkkkkkkkk segurar peido pode matar"
"07/18/2024 13:38:46","8","TikTok_Recife","2024","gente, tÃ´ fazendo xixi tÃ¡ certo? ğŸ˜ƒ"
"07/18/2024 14:13:54","8","TikTok_SP","2024","Sinceramente nÃ£o gosto que faÃ§am isso perto de mim."
"07/18/2024 15:01:20","8","TikTok_BrasÃ­lia","2024","casamento. problema nenhum. eu atÃ© ria, mas dando nele kkÄ·kk"
"07/18/2024 16:53:16","8","TikTok_Fortaleza","2024","Amiga esse homem nÃ£o te respeita"
"07/18/2024 17:17:06","8","TikTok_BH","2024","Eu que nÃ£o vou prender meu peido nada ğŸ˜‚ğŸ˜‚ğŸ˜‚"
"07/18/2024 17:56:13","7","Online_Community","2024","peidar Ã© estranho mas nÃ£o Ã© falta de respeito"
"07/18/2024 18:30:24","7","Social_Media_Hub","2024","eu jÃ¡ mandava ele ir olhar se nÃ£o tava cagado kkkkkkkkkkkkkkkkkkkkkkkkkkkkkk"
"07/18/2024 18:37:36","8","TikTok_RJ","2024","nÃ£o tenho maturidade ğŸ¤£se fosse meu marido no primeiro ele jÃ¡ tinha sumido da minha frente kkk"
"07/18/2024 19:24:03","8","TikTok_SP","2024","Esse nÃ­vel de intimidade Ã© foda kkkkkkkkkkkkkk"
"07/18/2024 21:07:09","7","Digital_Platform","2024","Gente pensa em algo que odeio , senhor amado. Em casa saÃ­mos pra fora ou vamos pro banheiro,mas jamais perto um do outro . MisericÃ³rdia"
"07/18/2024 23:47:14","7","TikTok_SP","2024","Eu de tpm kaakakakaakakakkakakakakakkaa"
"07/18/2024 23:52:08","7","Online_Community","2024","vou completar 6 anos de casada, eu e meu marido nÃ£o fazemos essas coisas na frente um do outro, nÃ£o morremos de vergonha ğŸ¤£ğŸ˜‚"
"07/19/2024 08:24:19","7","TikTok_Salvador","2024","o segundo veio atÃ© com ponto finalKKKKKKKK"
"07/19/2024 09:22:54","7","TikTok_Salvador","2024","Cara eu fico com tanto Ã³dio do meu marido kkkkkk vem uma raiva do fundo do meu Ãºtero kkkkkkk Ã© sÃ³ passa depois que o cheiro vai embora ğŸ˜‚ğŸ˜‚ğŸ˜‚"
"07/19/2024 09:49:45","7","Digital_Platform","2024","Ele ficando de lado ğŸ˜‚ğŸ˜‚ğŸ˜‚ğŸ˜‚ğŸ˜‚ğŸ˜‚ğŸ˜‚"
"07/19/2024 09:50:25","8","Digital_Platform","2024","quantidade de passiva nesses comentÃ¡rios KKAKAKAKAKAKA"
"07/19/2024 10:53:10","7","TikTok_SP","2024","kkkkk e ela ainda fica ,eu no primeiro estalo ja tava longe ğŸ¤£"
"07/19/2024 11:12:05","7","TikTok_Porto_Alegre","2024","2 anos aqui e peidando mto tb"
"07/19/2024 11:38:57","8","TikTok_Recife","2024","NÃ£o pode, deve ter cagado nas calÃ§asğŸ˜‚"
"07/19/2024 12:06:02","8","TikTok_SP","2024","Gente kkkkk sÃ©rio que as pessoa tÃ£o brigando por causa de um peido, nos comentÃ¡rios ?ğŸ¤¡ğŸ¤£"
"07/19/2024 12:12:01","8","TikTok_SP","2024","jÃ¡ ocorreu???"
"07/19/2024 13:32:08","8","TikTok_Porto_Alegre","2024","Eu sei que tem que ser algo normal, mais tipo eu tenho que amar muita a pessoa, caso contrÃ¡rio perco o interesse e o encanto, sei lÃ¡ vÃ©i kkk. NÃ£o sei se Ã© sÃ³ eu que sou assim ğŸ¤£"
"07/19/2024 15:11:17","7","TikTok_Porto_Alegre","2024","vÃ©i, esses povo que tÃ¡ tacando hater sÃ³ pode ter uma tampa no c, sÃ³ pode pq todossss que estÃ£o aqui peidam, cagam e fazer coisas pior e tÃ¡ reclamando de um peidinho? a vÃ£o peidar namoral"
"07/19/2024 15:34:03","7","TikTok_Fortaleza","2024","Bem zuado isso ! Se ela gosta de cheirar deixa ela uÃ© â€¦."
"07/19/2024 16:16:40","10","TikTok_BrasÃ­lia","2024","eu acho uma evoluÃ§Ã£o na relaÃ§Ã£o kkkvivem outro nÃ­vel cara achei top"
"07/19/2024 17:08:04","10","TikTok_Porto_Alegre","2024","Se o meu truca comigo eu chamo 6 ğŸ˜‚ğŸ˜‚ğŸ˜‚ğŸ˜‚ğŸ˜‚"
"07/19/2024 17:57:46","7","TikTok_Salvador","2024","Sinceramente, a Ãºnica coisa que me chocou foi q ele literalmente mirou o peido em vocÃª kkkkk podia pelo menos ter levantado pro outro lado ğŸ¤£ğŸ¤£ğŸ¤£ğŸ¤£ğŸ¤£ğŸ¤£"
"07/19/2024 18:08:01","7","Social_Media_Hub","2024","O primeiro certeza que melou a cueca kkkkkkkkkkkk"
"07/19/2024 18:13:51","7","TikTok_RJ","2024","nossa ele descarregou kkkkkkk"
"07/19/2024 19:55:21","8","TikTok_BH","2024","Eu e meu marido somos assim , ele tÃ¡ tomando leite com Quik pensa na catinga ğŸ˜‚ğŸ˜‚ ele peida e ainda fala Ã© Quik"
"07/19/2024 19:58:44","5","TikTok_Recife","2024","Acho isso deselegante e desnecessÃ¡rio. NÃ£o quero ver meu marido peidar e cagar. Nos divertimos de outras formas â€¦ Deus me livre"
"07/19/2024 22:27:57","8","TikTok_SP","2024","Intimidade Ã© uma merda mesmo ğŸ˜‚"
"07/19/2024 23:30:13","10","TikTok_Porto_Alegre","2024","Quanta gente mal amadaaaa mds, casal divertido faz essas coisas minha gente. VocÃªs sÃ£o os perfeitos? ğŸ˜‚"
"07/19/2024 23:32:16","8","TikTok_Salvador","2024","fiquei com pena do cachorro ğŸ˜‚"
"07/20/2024 10:30:39","9","TikTok_BH","2024","O mais legal Ã© as mal amadas solteiras dizendo (se fizer isso eu largo na hora) mas vocÃª nÃ£o tem um para fazer ğŸ˜…ğŸ˜‚ğŸ˜‚ğŸ˜‚ğŸ˜‚ğŸ˜‚"
"07/20/2024 10:36:19","7","TikTok_BH","2024","IncrÃ­vel a maioria achando ruim! Quando na realidade isso Ã© que vocÃª estÃ¡ no nÃ­vel mais alto de intimidade! Se o seu cÃ´njuge nÃ£o consegue â€œsuportarâ€ vocÃª soltando um mÃ­sero pum, nÃ£o estÃ¡ pronta para viver ao seu lado, caso um dia fique doente e precise de cuidados a mais! Mas Ã³bvio que essas pessoas nÃ£o estÃ£o prontas pra essa discussÃ£o!"
"07/20/2024 10:36:55","8","Digital_Platform","2024","kkkkkkkkkkkkkk ...."
"07/20/2024 10:59:34","7","TikTok_Curitiba","2024","Aqui em casa Ã© competiÃ§Ã£o hahahhahajhaja ğŸ˜‚ğŸ˜‚ğŸ˜‚ğŸ˜‚ğŸ˜‚ğŸ˜‚"
"07/20/2024 11:51:08","8","TikTok_RJ","2024","Agora posta vocÃª dando o troco mulherğŸ˜‚ğŸ˜‚"
"07/20/2024 12:15:16","7","TikTok_Curitiba","2024","Ela olhando atentamente atÃ© terminar o PEIDO ğŸ¤£ğŸ¤£"
"07/20/2024 13:09:29","7","TikTok_Salvador","2024","Tem que amar muito pra ela ainda rir no final nÃ©?"
"07/20/2024 17:45:32","7","TikTok_BH","2024","cadÃª a parte 2 com o vÃ­deo resposta ğŸ˜‚ğŸ˜‚"
"07/20/2024 18:28:09","10","Social_Media_Hub","2024","qndo faÃ§o isso meu marido fala: me chamou ğŸ˜‚ğŸ˜‚ğŸ˜‚ğŸ˜‚ğŸ˜‚"
"07/20/2024 18:37:39","7","Social_Media_Hub","2024","sÃ³ tÃ¡ julgando quem nunca teve um relacionamento kkkkkkk vÃ¡rias gargalhadas pra cada peido"
"07/20/2024 18:55:41","10","TikTok_Recife","2024","Povo causando problema por causa de peido kkkkkkkkkkkkk. Sejam feliz galera ğŸ˜…"
"07/20/2024 19:22:38","4","Online_Community","2024","Odeio atÃ© que brinca que peidou do meu lado noossaaaaa"
"07/20/2024 20:31:43","8","TikTok_SP","2024","Meu amigo, pelo barulho, melou a cueca e Ã© ela q vai lavar depois ğŸ˜‚"
"07/20/2024 21:05:41","8","TikTok_Recife","2024","NÃ£o vejo graÃ§a nisso. Pra mim nÃ£o tem nada a ver com intimidade e sim falta de higiene e educaÃ§Ã£o"
"07/21/2024 08:11:00","7","TikTok_SP","2024","eu depois de comer uma fatiazinha de queijo mussarela"
"07/21/2024 08:14:40","8","Online_Community","2024","De vc ver aqui em casa kkkkkkkkkkkkk parece trombeta ğŸ˜‚"
"07/21/2024 08:17:46","7","Digital_Platform","2024","Meu marido me â€œensinouâ€ a nÃ£o prender o peido . Agora peido mais q ele ğŸ¤£ğŸ¤£ğŸ¤£"
"07/21/2024 08:36:53","7","TikTok_Curitiba","2024","intimidade demais,perde o encanto kkkkkk nÃ£o gostaria,mas pelo jeito ela nÃ£o se importa kkkk"
"07/21/2024 09:49:08","8","TikTok_Recife","2024","Ele ficou atÃ© com falta de ar de tÃ£o demorado ğŸ¤£ğŸ¤£ğŸ¤£ğŸ¤£ğŸ¤£ğŸ¤£"
"07/21/2024 10:14:26","8","Digital_Platform","2024","Hahahahahahahahaha nota 10. Aqui em casa Ã© daÃ­ pra piorğŸ¤£"
"07/21/2024 13:37:24","8","TikTok_Porto_Alegre","2024","falta de respeito nÃ£o por que casal que tem que suportar isto nÃ£o, mesmo que peida vai no banheiro"
"07/21/2024 14:48:24","9","TikTok_Curitiba","2024","Aqui temos 1 ano juntos, e sempre peidamos ğŸ¤£ğŸ¤£ğŸ¤£ğŸ¤£"
"07/21/2024 15:24:18","8","TikTok_SP","2024","eu e meu noivo, senti o cheiro atÃ© do peido dele agr ğŸ˜­ğŸ˜‚ğŸ˜‚ğŸ˜‚"
"07/21/2024 16:04:29","7","Social_Media_Hub","2024","o pessoal julgando e eu rindo KKKKKKKKK"
"07/21/2024 17:22:32","8","TikTok_Curitiba","2024","KKKKKKKKKKKKKKKK o mlr q ele fala â€œfoi ainda melhor esseâ€"
"07/21/2024 18:57:06","8","TikTok_Fortaleza","2024","Antes eu segurava,atÃ© que um belo dia comecei a ficar com gases preso e uma dor insuportÃ¡vel."
"07/21/2024 20:32:39","9","TikTok_Recife","2024","Ã” gente, peido Ã© uma coisa tÃ£o natural! A pessoa tem q correr pro banheiro pra soltar um peido? Pelo amor de Deus"
"07/21/2024 21:11:13","8","TikTok_RJ","2024","Aqui em casa tem atÃ© competiÃ§Ã£o ğŸ˜‚"
"07/21/2024 21:53:45","8","TikTok_Fortaleza","2024","Deus me livre kkk sou casado hÃ¡ 10 anos tenho pavor disso!"
"07/21/2024 22:09:51","8","TikTok_Porto_Alegre","2024","acho um pouco desconfortÃ¡vel essa situaÃ§Ã£o"
"07/21/2024 22:32:49","10","TikTok_Fortaleza","2024","imagina que triste perder o interesse em alguÃ©m legal sÃ³ pq ela solta pum na frente kkkkk aqui em casa eu e meu esposo faz Ã© competiÃ§Ã£o e estamos a 12 anos juntos"
"07/21/2024 23:08:18","7","TikTok_BH","2024","SÃ³ de ver ja dÃ¡ vontade de vomitar de imaginar o cheiro kkkkkk"
"07/21/2024 23:39:29","7","TikTok_Porto_Alegre","2024","NÃ£o desliga nÃ£o que eu vou da uma voltinha ğŸ˜‚ğŸ˜‚ğŸ˜‚ğŸ˜‚"
"07/22/2024 09:01:44","9","TikTok_SP","2024","gente kkkkkk que engraÃ§ado as pessoas achando isso ruim? pra mim Ã© o auge da intimidade, e eu amo ğŸ˜‚"
"07/22/2024 09:30:42","7","TikTok_BH","2024","Tem que compartilhar... Segura faz mal."
"07/22/2024 10:10:36","8","TikTok_RJ","2024","Aqui a gente compete ğŸ¤£ğŸ¤£ğŸ¤£"
"07/22/2024 11:01:00","7","TikTok_BH","2024","Capaz que eu vou segurar peido por causa de macho"
"07/22/2024 11:33:51","7","TikTok_RJ","2024","Eu esperando ela soltar o dela bem mais alto e nada ğŸ¤¡kkkkkkkkkkkkkkk"
"07/22/2024 13:24:43","7","TikTok_RJ","2024","O melhor Ã© q ela nem tapa o nariz ğŸ¤£ğŸ¤£ğŸ¤£ğŸ¤£ jÃ¡ acostumou kkkkkkk"
"07/22/2024 16:28:53","3","TikTok_Recife","2024","Eu acho graÃ§a porÃ©m quando fede fico com nojo dele kkkkk"
"07/22/2024 18:47:28","9","TikTok_Curitiba","2024","Eu me acabo de peidar perto no meu marido e ele tbm jkkkkkkkkkkkkkkkkk amooo"
"07/22/2024 19:12:46","8","Digital_Platform","2024","kkkkkkkkkkkkkkkk toda vez q meu marido peida desse jeito falo que nois dois nÃ£o da mais certo ğŸ˜‚ğŸ˜‚ğŸ˜‚ğŸ˜‚ğŸ˜‚ğŸ˜‚ğŸ˜‚ğŸ˜‚ğŸ˜‚ğŸ˜‚ğŸ˜‚ğŸ˜‚ğŸ˜‚ğŸ˜‚ğŸ˜‚ğŸ˜‚ğŸ˜‚ğŸ˜‚ğŸ˜‚ğŸ˜‚ğŸ˜‚ğŸ˜‚"
"07/22/2024 22:11:58","4","TikTok_Recife","2024","Odeio qnd meu boy faz isso, quase 3 anos e eu nÃ£o peido na frente dele kkk mas nÃ£o julgo quem faz"
"07/22/2024 22:44:23","7","TikTok_Recife","2024","HorrÃ­vel isso, 25 anos de sobrevivÃªncia com meu marido, pq amor acabou faz tempo! Isso Ã© extremamente brochante!!!!"
"07/22/2024 23:01:41","9","TikTok_BH","2024","Cada um com sua forma de viver,se ela acha legal,que bom,mas eu acho broxante(sei nem se essa palavra existe)"
"07/22/2024 23:47:04","8","Digital_Platform","2024","isso nÃ£o foi um peido, foi um carburador de carro"
"07/23/2024 08:35:23","8","Social_Media_Hub","2024","Esse casal vive os melhores momentos, muita benÃ§Ã£o pra vcs."
"07/23/2024 10:49:50","6","TikTok_Fortaleza","2024","Eu odeio fico nervosa ğŸ¤¬"
"07/23/2024 11:09:18","8","TikTok_Fortaleza","2024","Intimidade demais estraga relaÃ§Ã£o! Enfim â€¦.."
"07/23/2024 11:40:52","7","Online_Community","2024","Ela ainda fica cheirando misericÃ³rdia ğŸ˜¹ğŸ¤¦ğŸ¼â€â™€ï¸"
"07/23/2024 13:04:57","7","TikTok_Porto_Alegre","2024","kkkkkkk intimidade e tudo"
"07/23/2024 13:25:05","7","Social_Media_Hub","2024","kkkkkkkkkkk aqui 5 anos de casados e ele fica na porta do banheiro sentindo o aroma"
"07/23/2024 13:42:53","7","TikTok_Porto_Alegre","2024","peido molhado kkk alguÃ©m ta mexendo kkk"
"07/23/2024 14:05:08","7","TikTok_Salvador","2024","Lucas Sena - Virginiano | OdÃ©"
"07/23/2024 15:38:05","10","TikTok_Curitiba","2024","peidamos juntos desde o inicionda relaÃ§Ã£o e seguimos firmes e fortesğŸ¥°"
"07/23/2024 16:03:39","8","TikTok_Porto_Alegre","2024","Coloca a culpa no cachorro. Sai, cachorro! KkkğŸ˜†"
"07/23/2024 16:24:50","7","TikTok_BH","2024","Uma falta de respeito"
"07/23/2024 16:33:31","7","TikTok_RJ","2024","cara aqui em casa 19 anos de casados nunca fiz isso nem ele ğŸ˜³ğŸ˜³ mas gostei do casalğŸ˜…ğŸ˜…ğŸ˜…"
"07/23/2024 17:25:39","9","TikTok_Salvador","2024","Muito bom kkkkkkk Eu gritaria, tÃ¡ podree ğŸ¤£ğŸ¤£ğŸ¤£ğŸ¤£ğŸ¤£"
"07/23/2024 18:12:15","8","TikTok_Porto_Alegre","2024","Se coloca uma cÃ¢mera na minha casa Ã© exatamente assim"
"07/23/2024 18:41:04","7","TikTok_Curitiba","2024","aÃ­ gente quem nÃ£o gostar Ã© sÃ³ nÃ£o fazer e tÃ¡ tudo bem deixa os outros peidar em paz ğŸ˜‚ğŸ˜‚ğŸ˜‚"
"07/23/2024 18:50:46","8","TikTok_Curitiba","2024","meu alarme pra acordar de manhÃ£ Ã© os peidos do meu marido ğŸ˜…"
"07/23/2024 20:08:03","8","TikTok_RJ","2024","Eu nem peido pq nÃ£o como feijÃ£o kkkkkk mas minha mÃ£e disse que quando eu era crianÃ§a era sÃ³ apertar minha barriga ou me fazer cÃ³cegas que eu soltava kkk hoje em dia morro de vergonha sÃ³ no meu quarto mesmo ou no banheiro e sozinha ainda ğŸ˜‚"
"07/23/2024 22:09:23","10","TikTok_Fortaleza","2024","Juro, isso Ã© um dos acordos que tenho. Se nÃ£o me respeitar eu nem ficoğŸ˜¡ e isso jÃ¡ comeÃ§a no namoro"
"07/23/2024 22:11:06","8","TikTok_BH","2024","JÃ¡ peidei logo no 1 dia que conheci entÃ£o ela jÃ¡ veio sabendo kkkkkkkkkk"
"07/23/2024 22:52:24","7","Social_Media_Hub","2024","Ele precisou atÃ© dar uma apoiadinha ali pra nÃ£o levantar voo."
"07/24/2024 08:57:27","9","TikTok_BrasÃ­lia","2024","minha mÃ£e fala que quando peidamos liberamos nossos pecados..esse aÃ­ tÃ¡ salvo"
"07/24/2024 09:03:44","7","TikTok_Curitiba","2024","Meu marido Ã© igual ğŸ¤£"
"07/24/2024 09:38:59","7","TikTok_Salvador","2024","kkkkkk moÃ§a ele tava te chamando pra guerra"
"07/24/2024 10:04:36","7","TikTok_RJ","2024","TÃ¡ podi kkkk ctz kkkk pq maridos gostam de fazer isso minha nossa senhora kkkkkk"
"07/24/2024 11:01:47","10","TikTok_Salvador","2024","oq ela chama de amargura eu chamo de noÃ§Ã£o mesmo"
"07/24/2024 11:03:48","8","TikTok_Curitiba","2024","Eu dou risada quando meu marido peida assim,ele peida e fica esperando minha reaÃ§Ã£o ğŸ˜‚ğŸ˜‚ğŸ˜‚ğŸ˜‚"
"07/24/2024 12:50:01","10","TikTok_BrasÃ­lia","2024","eu e minha namorada dizemos que estamos estreitando os laÃ§os kkkkkkkkk"
"07/24/2024 14:23:52","7","Online_Community","2024","tive um relacionamento que ele fazia isso. eu odiava. me separei. hoje com meu marido quase 3 anos, nunca vi ele peidar. e nem eu faÃ§o isso perto dele. meu marido nÃ£o coÃ§a o saco, nÃ£o fica cuspindo, nem peidando. ai que vejo que Ã© so falta de educaÃ§Ã£o de alguns homens mesmo."
"07/24/2024 14:27:31","7","Online_Community","2024","eu fico brava mas faÃ§o pior ğŸ˜‚ğŸ˜‚ğŸ˜‚ğŸ˜‚"
"07/24/2024 15:12:13","8","TikTok_BrasÃ­lia","2024","Pq vc nÃ£o vira p outro lado????ğŸ˜‚ğŸ˜‚ğŸ˜‚ğŸ˜‚ Valha-me Deus ğŸ¤ªğŸ¤ªğŸ¤ªğŸ¤ª"
"07/24/2024 16:13:38","7","TikTok_Porto_Alegre","2024","povo amargo viu,nunca vÃ£o ter um relacionamento saudÃ¡vel e com liberdadeğŸ˜…"
"07/24/2024 16:14:58","7","TikTok_Porto_Alegre","2024","Tomou bem na cara. Deus me livre! Kkkkk"
"07/24/2024 16:47:36","7","Digital_Platform","2024","peidar tudo bem, mas vcs ficam cheirando o fedor do outro normalmente? kkkkk"
"07/24/2024 16:55:19","8","Social_Media_Hub","2024","A paz no meu relacionamento Ã© poder peida ğŸ¤£"
"07/24/2024 17:44:36","8","Digital_Platform","2024","mas gente, Ã© sÃ³ um peido"
"07/24/2024 17:57:30","5","TikTok_Recife","2024","Certeza que com a amante ele nÃ£o faz essa porcaria ğŸ˜"
"07/24/2024 18:02:44","8","Online_Community","2024","Consigo entender os dois lados. Tem quem faÃ§a e isso nÃ£o Ã© um problema ou falta de respeito, enquanto pra outros isso soa como uma falta de respeito, entÃ£o Ã© cada um no seu quadrado, nÃ£o existe certo ou errado, sÃ£o pessoas e pessoas"
"07/24/2024 18:24:02","8","TikTok_Curitiba","2024","Ai gente, todo mundo peida, todo mundo caga. Se um precisar cuidar do outro na velhice nÃ£o vai poder limpar a bunda do seu companheiro? Aqui 8 anos de casados e ninguÃ©m sofre deixando o peido preso kkkkkkk"
"07/24/2024 18:32:29","7","TikTok_Fortaleza","2024","mano q isso,ou o pessoal do tktk Ã© muito chato ou eu sou errado pq eu ri dms nesse vÃ­deo KKKKKKKKK"
"07/24/2024 20:11:15","7","TikTok_RJ","2024","Certeza que freou ğŸ¤£ğŸ¤£ğŸ¤£ğŸ¤£ğŸ¤£"
"07/24/2024 21:06:03","8","TikTok_Recife","2024","nÃ£o julgo o meu tbm Ã© assim ğŸ¤£ğŸ¤£ğŸ¤£ğŸ¤£ğŸ¤£"
"07/24/2024 21:28:49","7","TikTok_RJ","2024","O povo se doendo em um relacionamento alheio ! kkkkkkk preguiÃ§a dessas gurias ! so vi um relacionamento saudÃ¡vel! com risos e brincadeiras!"
"07/24/2024 23:35:34","8","Digital_Platform","2024","Sinto muito por vocÃªs que nÃ£o tem essa intimidade de poder peidar perto do companheiro! KKKKKKKKKKKK aqui em casa o meu faz questÃ£o de sentar em mim pra peidar pra me provocar KKKKKKKKKKKKKK"
"07/25/2024 08:16:50","9","TikTok_SP","2024","Meu primeiro bom dia ğŸ¥°"
"07/25/2024 11:13:29","7","Social_Media_Hub","2024","Melhor ir no banheiro ğŸ¤£ğŸ¤£ğŸ¤£ğŸ¤£ğŸ¤£ğŸ¤£"
"07/25/2024 11:32:47","2","TikTok_Salvador","2024","Nooosssa, odeio issoğŸ˜¢!"
"07/25/2024 13:29:33","7","Online_Community","2024","e sÃ³ deixar o ventilador ligado 24 horas por dia ğŸ˜…"
"07/25/2024 14:08:42","8","TikTok_RJ","2024","O meu faz isso e a cada dia perco o interesse e a coisa mais nojenta do mundo .."
"07/25/2024 14:09:22","8","TikTok_Curitiba","2024","Mais um pouquinho ele cagava nela"
"07/25/2024 14:22:40","8","TikTok_Recife","2024","o que Ã© um pedido pra quem ta cagadoğŸ˜‚"
"07/25/2024 14:32:06","8","TikTok_BrasÃ­lia","2024","E ela ficou sentindo o fedor junto! Eu tinha sumido kkkkkk"
"07/25/2024 15:44:45","8","TikTok_RJ","2024","ğŸ˜‚ğŸ˜‚ğŸ˜‚ğŸ˜‚ğŸ˜‚ğŸ˜‚ğŸ˜‚ela ficou cheirando kkkkk"
"07/25/2024 16:33:10","10","TikTok_RJ","2024","adoro peidar na frente do meu namorado. Ã‰ sobre intimidade! â¤ï¸"
"07/25/2024 16:35:38","8","Social_Media_Hub","2024","Motor 2 tempos! ğŸ˜‚ğŸ˜‚"
"07/25/2024 17:23:24","7","Digital_Platform","2024","3 anos de relacionamento e aqui Ã© liberado para ambos ğŸ˜Œ"
"07/25/2024 17:32:07","7","TikTok_RJ","2024","esse casal n separa nunca mais ğŸ˜‚ğŸ˜‚ğŸ˜‚ğŸ˜‚ğŸ˜‚ğŸ˜‚"
"07/26/2024 08:09:16","9","TikTok_Recife","2024","ele te dar peido e pra outra love ğŸ¥°"
"07/26/2024 10:15:22","8","Online_Community","2024","eu e meu marido somos assim ğŸ¤£ğŸ¤£"
"07/26/2024 12:04:09","7","Social_Media_Hub","2024","Saiu atÃ© caldinho KKKKKKKKK"
"07/26/2024 12:26:58","8","TikTok_BrasÃ­lia","2024","Meu marido parece que vai levantar vÃ´o ğŸ¤£ğŸ¤£ğŸ¤£"
"07/26/2024 13:24:31","9","TikTok_SP","2024","Ã© engraÃ§ado, mas aqui nÃ£o fazemos isso na frente um do outro"
"07/26/2024 14:09:27","7","TikTok_BH","2024","Eu nÃ£o gosto dessas coisasâ€¦ sei lÃ¡, gente. Quando eu vou fazer isso eu saio do ambiente, sempre fiz isso com minha famÃ­lia, nÃ£o consigo imaginar fazer isso com um parceiro ou que ele faÃ§a isso comigo"
"07/26/2024 14:38:25","7","TikTok_Fortaleza","2024","NÃ£o desliga a moto prq eu quero dar uma volta"
"07/26/2024 15:14:59","7","TikTok_Curitiba","2024","Nunca mais me veria na frente dele, muito menos atrÃ¡s ğŸ˜‚"
"07/26/2024 15:45:48","8","TikTok_Curitiba","2024","Meu ex implorava pra eu peidar na frente dele mas eu nunca tive coragem kkk"
"07/26/2024 16:40:37","7","TikTok_Recife","2024","Meus avÃ³s sÃ£o casados a 45 anos e fazem isso na frente um do outro sempre, aliais fazemos na frente da famÃ­lia toda e smp rimos ğŸ« ğŸ¤£"
"07/26/2024 17:12:59","1","TikTok_BrasÃ­lia","2024","E pq vc achou que aqui na internet a gente gostaria de ver essa porcaria de video da sua vida ?"
"07/26/2024 18:12:21","7","Digital_Platform","2024","o dog atÃ© anestesiou com tanta essÃªncia ğŸ”¥"
"07/26/2024 19:29:29","7","TikTok_BrasÃ­lia","2024","Eu fiz Ã¢nsia aqui de casa, como vocÃª nÃ£o sai correndo mulher? ğŸ¤£ğŸ˜­"
"07/26/2024 20:02:04","8","TikTok_SP","2024","Essa Ã© a melhor parte da intimidade kkkkkk"
"07/26/2024 20:22:27","7","TikTok_Curitiba","2024","ğŸ˜‚ğŸ˜‚ğŸ˜‚ğŸ˜‚ me identifiquei ğŸ˜†ğŸ˜†ğŸ˜†"
"07/26/2024 20:53:26","8","Digital_Platform","2024","borrou a cueca ğŸ¤£ğŸ¤£"
"07/26/2024 21:18:09","9","TikTok_Recife","2024","Casamento feliz ğŸ™ğŸ™‚ Os comentÃ¡rios abaixo sÃ³ mostram os infelizes que nÃ£o tem intimidade com o parceiro ."
"07/26/2024 22:49:34","7","TikTok_BH","2024","Eu falava : me caga logo kkkkkk"
"07/26/2024 23:05:26","9","Online_Community","2024","Falta de respeito! nÃ£o acho engraÃ§ado e muito menos que faz parte da relaÃ§Ã£o!"
"07/26/2024 23:59:07","7","TikTok_Porto_Alegre","2024","A minha tia fala pro marido dela â€œ que inconveniente â€œ e depois cai na risada ğŸ¤£ğŸ¤£ğŸ¤£ğŸ¤£ğŸ¤£"
"07/27/2024 09:32:44","8","TikTok_Fortaleza","2024","Sigo solteira, nÃ£o tolero isso nÃ£o xaaaa"
"07/27/2024 09:45:12","10","Online_Community","2024","Aqui estamos hÃ¡ 15 anos juntos e damos risada!! Hahahaha Ã© viver de fato sem mentiras e restriÃ§Ãµes .."
"07/27/2024 11:18:08","8","TikTok_BH","2024","As mulheres achando ruim KKKKKKKKK deve ser por isso que muitos casais sÃ£o infelizes, porque ligam para umas coisas tÃ£o pequenas meu Deus ğŸ¥´ peidar todo mundo peida gente, me poupem isso Ã© questÃ£o de intimidade, cada casal com sua intimidade."
"07/27/2024 11:59:33","8","Social_Media_Hub","2024","melhor que este e quando tÃ¡ debaixo da coberta e jÃ¡ logo cobre a cabeÃ§a da parceira kkk"
"07/27/2024 12:38:05","1","TikTok_BH","2024","o problema do tik Tok e que nÃ£o precisa pesquisar nada! aparece esses tipos de vÃ­deo do nada. credo"
"07/27/2024 13:03:27","7","TikTok_SP","2024","ğŸ˜‚ğŸ˜‚ğŸ˜‚ aqui em casa Ã© o contrÃ¡rio ğŸ˜…"
"07/27/2024 13:28:21","8","Social_Media_Hub","2024","Ta igual aqui em casa .. kkkk"
"07/27/2024 14:08:50","7","TikTok_Recife","2024","Vendo esse povo reclamando aÃ­, se eu posto eu e meu esposo dentro de casa, seremos massacrados ğŸ˜‚"
"07/27/2024 14:34:09","7","TikTok_SP","2024","uma vez o boy tava aqui em casa e eu esqueci fui mijar foi igual morri de vergonha mas eu tava dentro do banheiro ele so deu risada mas nem ligou eu que nÃ£o quis mais ficar com ele ğŸ—£"
"07/27/2024 14:39:45","7","Digital_Platform","2024","esse foi o segundo ğŸ’”o primeiro foi oq levou a falÃªncia dos doguinhso ğŸ’”"
"07/27/2024 15:07:45","7","TikTok_Curitiba","2024","Deus me livre, considero isso falta de educaÃ§Ã£o, falta de respeito. duvido que ele faÃ§a isso com a amante"
"07/27/2024 15:24:04","7","TikTok_Salvador","2024","cachorro atÃ© desmaiou coitado"
"07/27/2024 16:00:16","7","Digital_Platform","2024","KKKKKKKKKKKKKKKKKKKKKKKKKK QUASE N DESLIGA"
"07/27/2024 16:10:31","7","Social_Media_Hub","2024","Aqui em casa a gente disputa , qdo eu solto um ai meu marido vai e responde com outro kkk"
"07/27/2024 16:17:12","7","TikTok_Fortaleza","2024","cada dia mais entendo o Roberth Resende"
"07/27/2024 17:12:46","6","TikTok_Salvador","2024","Eu acho deselegante, mas o meu nÃ£o tÃ¡ nem aÃ­ kkk"
"07/27/2024 17:26:04","8","TikTok_BH","2024","aqui em casa Ã© normal, a gente nao joga na cara assim, mas as vezes ela solta uns pum fedorento que dÃ¡ vontade de prender ela debaixo da coberta pra sentir o prÃ³prio cheiro kkkk"
"07/27/2024 17:41:23","9","TikTok_RJ","2024","Os lÃ­rios do campo nÃ£o peidam, Deus o livre fazer algo normal do corpo nÃ©? Agora vivem na mesma casa e vÃ£o se esconder pra peidar? Pelo amor de Deus nÃ©? Ou vcs acordam de noite pra ir peidar no banheiro? ğŸ˜"
"07/27/2024 18:10:34","7","TikTok_RJ","2024","nossa que horror meu marido fizer uma cagada dessa perto de mim, sinceramente perco o interesse na hora."
"07/27/2024 18:34:32","7","TikTok_Recife","2024","Eu acho normal Peidar ğŸ˜‚"
"07/27/2024 19:05:55","8","TikTok_Porto_Alegre","2024","ain gente sou amargurada. Pelo visto serei sÃ³ eternamente."
"07/27/2024 21:41:57","7","TikTok_Fortaleza","2024","Depois que chegar nesse nÃ­vel Ã© sÃ³ ladeira abaixo ğŸ˜‚ğŸ˜‚ğŸ˜‚ğŸ˜‚ğŸ˜‚ğŸ˜‚ğŸ˜‚ğŸ˜‚ aqui em casa Ã© competiÃ§Ã£o ğŸ˜‚ğŸ˜‚ğŸ˜‚ğŸ˜‚ğŸ˜‚ğŸ˜‚ğŸ˜‚ğŸ˜‚ğŸ˜‚"
"07/27/2024 23:55:10","8","TikTok_BH","2024","Gente nÃ£o sei vocÃªs mas aqui Ã© desse geito kkkk ğŸ˜‚ğŸ˜‚ğŸ˜‚ğŸ˜‚ğŸ˜‚"
